Similarity,recursive_neighbors \ K,1,3,5,10,15,20,25,30,35,40,45,50,55,60,65,70,75,80,85,90,95,100
adjusted_cosine,1,1.6764742203,1.4706233632,1.4272904113,1.3950836199,1.3840703918,1.3798508633,1.3767079673,1.3741609602,1.3732796975,1.3726669049,1.3719412116,1.3715426462,1.3709497557,1.3710627888,1.3706642351,1.370343666,1.3702515596,1.3701504397,1.3699124396,1.3696309709,1.3694908943,1.3693085328
adjusted_cosine,3,1.5979674577,1.4367644401,1.4024406875,1.3792669207,1.3706001138,1.3674709094,1.3653643095,1.3636424208,1.3629042389,1.3624032392,1.3620747594,1.3618030266,1.3613190415,1.3614678568,1.3612197202,1.3610290607,1.3609836119,1.3609088282,1.3607026388,1.360538205,1.3604666219,1.3603624773
adjusted_cosine,5,1.5925457949,1.4350053401,1.4013989306,1.3788494693,1.370406316,1.3673507261,1.3653113214,1.3635999315,1.3629107045,1.362435383,1.3620977937,1.3618350657,1.3613543426,1.3614929522,1.3612404924,1.3610518124,1.3610076714,1.360939849,1.3607337036,1.3605746648,1.3605161312,1.3604233339
adjusted_cosine,10,1.5909178931,1.4346217105,1.4011893294,1.3788634491,1.3704311819,1.3674391212,1.3654724416,1.3637813222,1.3630711093,1.3626095426,1.3622768992,1.3620120531,1.3615415281,1.3616658246,1.3614212006,1.3612409063,1.3611984197,1.3611346143,1.3609270884,1.3607691945,1.3607093249,1.3606184104
adjusted_cosine,15,1.5905871909,1.4345604658,1.4011909484,1.3789267911,1.370499658,1.3675027139,1.3655440092,1.3638499508,1.3631426882,1.3626866593,1.3623498291,1.3620841013,1.3616112578,1.3617363401,1.3614950146,1.3613154654,1.3612723517,1.3612077145,1.3610006499,1.3608413795,1.3607831194,1.3606934443
adjusted_cosine,20,1.5905514245,1.4345786097,1.4011842082,1.378951815,1.3705277158,1.3675239973,1.3655704744,1.3638824219,1.3631741926,1.3627147612,1.362377691,1.3621135974,1.3616397853,1.3617647778,1.3615241661,1.3613451508,1.3613015834,1.3612380043,1.3610310441,1.3608710779,1.3608125163,1.360722983
adjusted_cosine,25,1.5905298953,1.4345891766,1.401185258,1.3789449905,1.370521799,1.3675260513,1.3655699495,1.3638799829,1.3631747017,1.3627147351,1.3623782958,1.362113982,1.3616399147,1.3617645758,1.3615242186,1.3613454585,1.3613018408,1.3612383496,1.3610315478,1.3608713868,1.3608128393,1.3607233259
adjusted_cosine,30,1.5905285066,1.4345928331,1.4011848749,1.3789484874,1.3705296512,1.3675349926,1.3655781353,1.3638874146,1.3631810645,1.3627214806,1.3623845538,1.3621206056,1.3616465779,1.3617713917,1.3615309929,1.3613519798,1.3613085393,1.361244972,1.3610381562,1.360878046,1.3608194418,1.36072998
adjusted_cosine,35,1.5905261203,1.4346023366,1.401188783,1.3789498755,1.3705332926,1.3675388716,1.3655825157,1.3638911813,1.3631842882,1.3627250168,1.362387802,1.3621237118,1.3616502701,1.3617748686,1.3615346892,1.3613557362,1.3613123055,1.3612486555,1.3610418411,1.3608816209,1.3608229726,1.3607334886
adjusted_cosine,40,1.590515663,1.434594469,1.4011811059,1.3789429884,1.370526498,1.3675322264,1.3655750838,1.3638838054,1.3631767379,1.3627177762,1.3623806678,1.3621167676,1.3616433453,1.3617680895,1.3615278866,1.3613489942,1.3613054649,1.3612417915,1.361034994,1.3608748181,1.3608161764,1.3607266742
adjusted_cosine,45,1.5905120249,1.4346021461,1.401188297,1.3789494913,1.3705319179,1.3675364967,1.365579778,1.3638883993,1.3631814793,1.3627225623,1.3623853259,1.3621215014,1.3616480909,1.361772789,1.3615325348,1.3613536853,1.361310212,1.3612464976,1.3610397409,1.3608795943,1.3608209072,1.3607313956
adjusted_cosine,50,1.590516059,1.4346023872,1.4011904788,1.3789522368,1.3705360621,1.3675402856,1.3655833381,1.3638920992,1.3631850341,1.3627260607,1.3623886301,1.3621246171,1.36165129,1.3617759444,1.3615356518,1.3613567906,1.3613133097,1.3612495607,1.3610427735,1.360882658,1.3608239696,1.3607344435
adjusted_cosine,55,1.5905159645,1.4346041746,1.4011924564,1.3789549091,1.3705386655,1.367543041,1.3655862025,1.3638949066,1.3631878366,1.362729033,1.3623916572,1.3621275433,1.361654153,1.3617787936,1.3615385273,1.361359667,1.3613161944,1.3612524662,1.3610456822,1.3608855667,1.3608268765,1.3607373703
adjusted_cosine,60,1.5905176274,1.4346031402,1.4011919201,1.3789545578,1.3705380465,1.3675426762,1.3655860427,1.3638946903,1.3631876914,1.3627289251,1.3623915598,1.3621275167,1.3616542256,1.3617789005,1.3615386215,1.3613597493,1.3613162799,1.3612525515,1.3610457619,1.3608856285,1.3608269451,1.3607374414
adjusted_cosine,65,1.5905186069,1.4346048761,1.4011924663,1.3789555852,1.3705386567,1.3675434927,1.365586871,1.3638954832,1.3631884338,1.3627297695,1.3623924698,1.362128395,1.3616550647,1.3617797522,1.3615394743,1.3613605807,1.3613171023,1.3612533671,1.3610465899,1.3608864409,1.3608277456,1.3607382375
adjusted_cosine,70,1.5905186751,1.4346058864,1.4011932576,1.3789562242,1.3705392601,1.3675442057,1.3655874606,1.3638960955,1.3631890518,1.3627303361,1.3623930521,1.3621289804,1.3616556356,1.3617803437,1.3615400634,1.3613611823,1.3613177012,1.3612539632,1.3610471825,1.3608870304,1.3608283474,1.3607388365
adjusted_cosine,75,1.5905184332,1.4346063656,1.4011931237,1.3789566626,1.3705397056,1.3675447498,1.3655880108,1.3638966151,1.3631895575,1.3627308883,1.3623935842,1.3621295253,1.3616561742,1.3617808734,1.3615405918,1.3613617254,1.3613182379,1.3612544947,1.3610477032,1.3608875523,1.3608288645,1.3607393506
adjusted_cosine,80,1.5905183033,1.4346060983,1.4011923539,1.3789564111,1.3705394422,1.3675447097,1.3655879664,1.3638965651,1.3631894955,1.36273082,1.3623934964,1.362129436,1.36165608,1.3617807772,1.3615404863,1.3613616025,1.3613181121,1.3612543661,1.3610475736,1.3608874219,1.3608287326,1.360739217
adjusted_cosine,85,1.5905181942,1.4346058885,1.4011924113,1.3789566349,1.3705396971,1.3675450044,1.3655882721,1.3638968939,1.363189817,1.362731132,1.3623938107,1.3621297374,1.3616563811,1.3617810807,1.3615407898,1.3613618993,1.3613184086,1.3612546625,1.3610478723,1.3608877207,1.3608290316,1.3607395162
adjusted_cosine,90,1.5905181174,1.4346057497,1.4011922861,1.3789568352,1.3705398413,1.3675451796,1.3655884335,1.3638970695,1.3631899935,1.3627313093,1.3623940015,1.3621299078,1.3616565468,1.3617812438,1.3615409496,1.3613620561,1.3613185635,1.3612548155,1.3610480226,1.36088787,1.3608291794,1.3607396626
adjusted_cosine,95,1.5905181003,1.4346059104,1.4011923832,1.3789569363,1.3705399819,1.3675453478,1.3655885921,1.363897216,1.363190145,1.3627314708,1.3623941668,1.3621300776,1.3616567107,1.3617814021,1.3615411031,1.3613622059,1.3613187107,1.3612549601,1.3610481641,1.3608880098,1.3608293167,1.3607397978
adjusted_cosine,100,1.5905181181,1.4346058795,1.4011924068,1.3789570174,1.3705401008,1.367545468,1.3655887062,1.3638973524,1.3631902862,1.3627316133,1.3623942941,1.3621302022,1.3616568349,1.3617815266,1.3615412278,1.3613623277,1.3613188328,1.3612550824,1.3610482867,1.3608881325,1.3608294392,1.3607399205
cosine,1,1.6574184447,1.4671313884,1.4278899621,1.4005609877,1.391263752,1.3861535675,1.3836328776,1.3816430313,1.3801466577,1.3789859633,1.3780510226,1.3773012655,1.376824211,1.3763696373,1.3761816182,1.3758657853,1.3758312084,1.3756285268,1.3753759588,1.3751359519,1.3750539338,1.3749041178
cosine,3,1.6199351707,1.4521347954,1.4174594671,1.3945990042,1.3862684472,1.3819284746,1.3796368894,1.3776773481,1.3764289128,1.3753841265,1.3745819803,1.3739023189,1.3734170594,1.3729882726,1.3727581549,1.3724424857,1.3723510084,1.3721693785,1.3719288153,1.371696398,1.3716058078,1.3714619037
cosine,5,1.618791324,1.4519499239,1.417313091,1.3946636053,1.386326628,1.3820468448,1.3797798811,1.3778280001,1.3766076478,1.3755778374,1.3747687736,1.3741061733,1.3736050107,1.3731634603,1.3729409896,1.3726236308,1.3725228524,1.372341878,1.3720998438,1.371867317,1.3717791562,1.3716396338
cosine,10,1.6183645031,1.4517688279,1.4172604144,1.3946812447,1.3864213284,1.3821662915,1.3799230968,1.3779705258,1.3767595783,1.3757318655,1.3749202093,1.3742556009,1.3737520672,1.3733076166,1.3730804973,1.3727581478,1.3726561589,1.3724751835,1.3722290917,1.3719903511,1.3718977396,1.3717581516
cosine,15,1.6183056904,1.4517374363,1.4172759912,1.3946863254,1.3864498964,1.3821998694,1.3799567425,1.3779979559,1.3767871667,1.3757599056,1.3749478843,1.3742832902,1.3737781213,1.3733343767,1.3731072058,1.3727848366,1.3726820465,1.3725011724,1.3722541744,1.372014369,1.3719208582,1.3717817837
cosine,20,1.6182973065,1.4517526065,1.4173080243,1.3947141553,1.3864821476,1.3822336884,1.3799907914,1.3780315827,1.3768209685,1.3757917408,1.3749800915,1.3743171926,1.3738117807,1.3733685567,1.3731416329,1.3728192554,1.3727160465,1.3725345358,1.3722878451,1.3720476995,1.3719538802,1.3718144669
cosine,25,1.6182907135,1.4517588583,1.4173205502,1.3947252028,1.386496203,1.3822505947,1.3800083897,1.3780499969,1.3768404559,1.3758101443,1.3749969059,1.3743351126,1.3738289249,1.373385743,1.3731588299,1.3728363702,1.3727331365,1.3725516779,1.3723049633,1.3720647844,1.3719706876,1.3718311677
cosine,30,1.6182805659,1.4517569472,1.4173179419,1.3947260247,1.3864971435,1.3822513507,1.3800106283,1.3780527154,1.3768429147,1.3758120828,1.3749985018,1.3743366683,1.3738305123,1.3733879565,1.3731611087,1.3728388374,1.3727354269,1.3725538677,1.3723070329,1.3720667732,1.3719727319,1.3718330703
cosine,35,1.6182795409,1.4517571842,1.4173180025,1.3947254332,1.3864969781,1.3822503981,1.3800096973,1.3780514015,1.3768413626,1.3758103213,1.3749970013,1.3743356313,1.3738294514,1.3733870028,1.3731601055,1.372837876,1.3727343694,1.3725528128,1.3723058466,1.3720655665,1.3719714359,1.3718318453
cosine,40,1.6182741205,1.4517533947,1.4173119955,1.3947201755,1.3864916296,1.3822458325,1.3800053333,1.3780468364,1.3768366244,1.3758053011,1.374992305,1.3743311172,1.3738249937,1.3733825957,1.3731557683,1.3728334358,1.3727299295,1.3725482645,1.3723011976,1.3720609564,1.371966733,1.3718271204
cosine,45,1.6182735266,1.4517557511,1.4173126747,1.3947212791,1.3864927018,1.3822473942,1.380007025,1.378048257,1.3768379001,1.3758065201,1.374993622,1.3743324482,1.3738262429,1.3733838616,1.3731570832,1.3728347999,1.3727312743,1.3725495657,1.3723024845,1.372062184,1.3719679453,1.371828366
cosine,50,1.6182740678,1.4517540359,1.4173123719,1.3947206347,1.3864921504,1.3822472706,1.3800067194,1.3780478342,1.3768374079,1.3758061371,1.3749932449,1.3743321225,1.3738259876,1.3733835809,1.3731567978,1.3728344949,1.3727309819,1.3725493067,1.3723022178,1.3720618839,1.3719676295,1.3718280417
cosine,55,1.6182749418,1.4517551224,1.4173135677,1.3947220393,1.3864938246,1.3822488564,1.3800082165,1.3780492227,1.3768387465,1.3758073979,1.3749944715,1.3743334242,1.373827234,1.373384868,1.3731580974,1.3728358238,1.3727323079,1.3725506351,1.3723035571,1.3720632228,1.3719689621,1.3718293399
cosine,60,1.6182742421,1.4517549026,1.4173147562,1.3947233739,1.3864952414,1.3822505789,1.3800098749,1.3780507707,1.3768403123,1.3758089309,1.3749960636,1.3743350462,1.3738288212,1.3733864767,1.3731596883,1.3728374206,1.372733916,1.3725522603,1.3723051762,1.3720648434,1.371970585,1.371830956
cosine,65,1.6182741917,1.4517554209,1.4173152462,1.3947236677,1.386495387,1.3822508191,1.3800099272,1.3780508433,1.3768405105,1.3758090212,1.3749962175,1.374335186,1.3738289548,1.3733866148,1.373159811,1.3728375356,1.3727340604,1.3725524125,1.3723053135,1.3720649787,1.3719707191,1.3718310992
cosine,70,1.6182744568,1.4517554341,1.4173149796,1.3947232218,1.386494856,1.3822502256,1.3800092806,1.3780502204,1.376839839,1.3758083641,1.3749955855,1.3743345588,1.3738283431,1.3733859942,1.3731591818,1.3728369103,1.3727334429,1.3725517962,1.37230469,1.3720643454,1.371970089,1.3718304682
cosine,75,1.6182742805,1.4517553142,1.417314908,1.394722832,1.3864945243,1.3822500275,1.3800090494,1.3780500255,1.3768396687,1.375808237,1.3749954209,1.374334418,1.3738281876,1.3733858393,1.3731590151,1.3728367476,1.372733284,1.372551655,1.3723045454,1.3720641956,1.3719699372,1.3718303157
cosine,80,1.618274672,1.4517556726,1.4173152258,1.3947230695,1.3864949401,1.3822505477,1.3800096262,1.3780506185,1.3768403115,1.3758088189,1.3749960248,1.3743350192,1.3738287895,1.3733864408,1.3731596211,1.3728373577,1.372733894,1.3725522641,1.3723051504,1.3720647908,1.37197053,1.3718309058
cosine,85,1.618274796,1.4517554874,1.4173153041,1.3947232256,1.3864950236,1.3822506231,1.3800097362,1.3780507548,1.3768404758,1.3758089695,1.3749961662,1.3743351516,1.3738289207,1.373386558,1.3731597418,1.3728374715,1.372734005,1.3725523737,1.3723052621,1.3720648955,1.3719706363,1.3718310118
cosine,90,1.6182747317,1.4517554267,1.4173148492,1.3947228329,1.3864943559,1.3822498836,1.3800089994,1.3780499972,1.3768396953,1.3758082376,1.374995429,1.3743344172,1.3738281786,1.373385824,1.3731590109,1.3728367449,1.3727332783,1.3725516459,1.3723045319,1.3720641626,1.3719699035,1.371830279
cosine,95,1.6182747678,1.4517555032,1.4173147689,1.3947226885,1.3864942563,1.3822498251,1.3800089454,1.378049917,1.3768396498,1.3758082039,1.3749953886,1.3743343572,1.3738281201,1.3733857651,1.3731589495,1.3728366803,1.372733215,1.3725515818,1.3723044649,1.3720640968,1.3719698371,1.3718302127
cosine,100,1.6182748971,1.4517556964,1.4173149022,1.3947227806,1.3864942831,1.3822499084,1.3800090251,1.3780500173,1.3768397784,1.3758083066,1.3749954823,1.3743344532,1.3738282111,1.3733858584,1.3731590449,1.3728367713,1.3727333065,1.3725516748,1.3723045559,1.3720641877,1.371969928,1.3718303038
jaccard,1,1.6516555852,1.4747543382,1.4369704404,1.4074425378,1.398514837,1.3942075308,1.3914967983,1.389525457,1.3881213563,1.387188246,1.3868061227,1.3860450056,1.3857226633,1.3852990829,1.3850317163,1.3847374473,1.3845442878,1.3843273117,1.3840927182,1.3838717062,1.3837537661,1.3836263675
jaccard,3,1.6172372256,1.4608717146,1.4273362137,1.4013023485,1.3936288762,1.3896445138,1.387185987,1.3855636342,1.384348485,1.3835330962,1.3831105678,1.3825184056,1.3822777922,1.3819558021,1.3817283444,1.3814750821,1.3813148729,1.38112849,1.3809215797,1.380718774,1.3806288759,1.380542038
jaccard,5,1.6159220398,1.4604322798,1.426950774,1.4010672099,1.3934277558,1.3894936089,1.3870633429,1.3854942158,1.3843008405,1.383498078,1.3830825819,1.3824952705,1.3822590368,1.3819366696,1.3817077042,1.3814660847,1.3813064654,1.3811296416,1.3809243132,1.3807241995,1.3806380708,1.3805518842
jaccard,10,1.6155925302,1.4603159926,1.4268949443,1.4010706629,1.3934670719,1.3895380803,1.3871190096,1.3855618938,1.3843747685,1.3835794946,1.3831670435,1.3825841132,1.3823476819,1.3820267063,1.3817999642,1.3815582767,1.3814002324,1.3812254025,1.3810180476,1.380819764,1.3807315972,1.3806479525
jaccard,15,1.6155693901,1.4603250345,1.4269195272,1.4011141387,1.3935107158,1.3895869657,1.3871681555,1.3856134468,1.3844280072,1.3836347857,1.3832235206,1.3826404645,1.3824041704,1.382083686,1.3818575945,1.3816171365,1.3814593406,1.3812843391,1.3810762809,1.3808782048,1.380790028,1.3807056769
jaccard,20,1.6155641793,1.4603135596,1.4269171845,1.4011121607,1.3935094122,1.3895863285,1.3871690984,1.3856139784,1.3844286687,1.383635554,1.3832241546,1.3826412199,1.3824048095,1.3820847808,1.3818585698,1.3816181204,1.3814603025,1.3812851356,1.381076971,1.3808787418,1.3807906229,1.3807062661
jaccard,25,1.6155508437,1.4603036451,1.4269116207,1.401105433,1.3935039403,1.3895817906,1.3871655504,1.3856102503,1.3844247476,1.3836318495,1.3832204711,1.3826376179,1.3824011855,1.3820813503,1.3818552493,1.381614872,1.3814570465,1.3812818968,1.3810736035,1.3808751307,1.3807870808,1.3807025656
jaccard,30,1.6155458229,1.4602992571,1.4269082164,1.4011007822,1.3935003948,1.3895785092,1.3871626603,1.385607503,1.3844216538,1.3836289379,1.3832176877,1.3826349095,1.3823985029,1.3820786788,1.3818526284,1.381612373,1.381454578,1.3812794091,1.3810711348,1.3808727493,1.3807847224,1.3807001783
jaccard,35,1.6155374942,1.4602884987,1.4268992124,1.4010922913,1.3934929334,1.3895714372,1.3871559013,1.3856006992,1.3844146244,1.3836218624,1.3832104539,1.3826276263,1.3823911912,1.3820713844,1.3818453429,1.3816050313,1.3814472235,1.3812720945,1.3810638801,1.3808654662,1.3807774224,1.3806928271
jaccard,40,1.6155352924,1.4602815677,1.4268944727,1.4010872591,1.3934879798,1.3895662081,1.3871507489,1.3855956646,1.384409328,1.3836165826,1.3832050615,1.3826222957,1.3823858301,1.3820659995,1.3818399556,1.3815996194,1.3814418175,1.381266713,1.3810585074,1.3808600794,1.3807720326,1.3806874351
jaccard,45,1.6155341053,1.4602814061,1.4268939482,1.4010868671,1.3934876324,1.3895659891,1.3871504734,1.3855953519,1.384408823,1.3836160684,1.3832046168,1.382621918,1.3823854633,1.3820656311,1.3818395663,1.3815992113,1.3814414285,1.3812663307,1.3810581275,1.3808596918,1.3807716266,1.380687027
jaccard,50,1.6155344866,1.4602813992,1.4268956795,1.4010882808,1.3934891899,1.3895674812,1.3871519905,1.385596771,1.3844101168,1.3836172964,1.383205859,1.3826231487,1.3823867113,1.3820668897,1.3818408074,1.3816004521,1.3814426693,1.3812675893,1.3810593852,1.3808609387,1.3807728719,1.3806882635
jaccard,55,1.6155346086,1.4602814432,1.4268961171,1.4010885092,1.3934894196,1.3895676935,1.3871521554,1.3855968583,1.3844101329,1.3836173063,1.3832059027,1.3826232077,1.3823867658,1.3820669482,1.3818408666,1.3816004921,1.3814427017,1.3812676228,1.3810594157,1.3808609668,1.380772899,1.3806882897
jaccard,60,1.6155341117,1.4602803175,1.4268948192,1.4010869803,1.393488001,1.3895663435,1.3871507138,1.3855953922,1.3844085961,1.3836157846,1.3832043695,1.3826217177,1.3823852745,1.382065459,1.3818393481,1.3815989668,1.3814411654,1.3812660924,1.3810578825,1.3808594324,1.3807713606,1.3806867569
jaccard,65,1.6155344087,1.4602806889,1.426894865,1.4010869627,1.3934879,1.389566199,1.387150551,1.3855952091,1.3844083795,1.3836155481,1.3832040895,1.3826214411,1.3823849971,1.3820651793,1.3818390591,1.381598682,1.3814408887,1.3812658234,1.3810576112,1.3808591586,1.3807710893,1.3806864868
jaccard,70,1.6155345909,1.460280662,1.4268948705,1.401086809,1.39348759,1.3895658645,1.3871502313,1.3855948786,1.3844080321,1.3836152014,1.3832037602,1.3826211133,1.3823846682,1.3820648542,1.3818387307,1.3815983542,1.3814405716,1.381265507,1.3810572934,1.3808588404,1.3807707714,1.3806861712
jaccard,75,1.6155345909,1.4602804039,1.4268944077,1.401086161,1.3934869127,1.3895651408,1.3871494659,1.385594104,1.3844072842,1.3836144607,1.3832030196,1.3826203775,1.3823839296,1.3820641117,1.3818379859,1.3815975921,1.3814398153,1.381264754,1.3810565396,1.3808580868,1.380770012,1.3806854145
jaccard,80,1.6155345909,1.4602804337,1.4268942799,1.4010859797,1.3934866774,1.3895648746,1.3871492291,1.3855938933,1.3844070705,1.3836142576,1.3832028074,1.3826201705,1.3823837262,1.3820639096,1.381837773,1.3815973767,1.3814395992,1.3812645389,1.3810563225,1.3808578706,1.3807697942,1.3806851934
jaccard,85,1.6155345909,1.4602805073,1.4268945206,1.4010862146,1.3934868155,1.3895649816,1.3871493495,1.3855940212,1.3844072134,1.3836144016,1.383202947,1.3826203102,1.3823838606,1.3820640442,1.3818379026,1.381597502,1.3814397274,1.3812646676,1.3810564508,1.3808579989,1.3807699221,1.380685323
jaccard,90,1.6155345909,1.4602806534,1.4268947874,1.4010864121,1.3934870338,1.3895651777,1.3871495425,1.3855942129,1.3844074088,1.383614592,1.38320314,1.3826205064,1.3823840579,1.382064242,1.3818381022,1.3815977016,1.3814399296,1.3812648697,1.3810566522,1.3808581995,1.3807701226,1.3806855229
jaccard,95,1.6155345909,1.4602806788,1.426894779,1.4010863336,1.3934869338,1.3895650374,1.3871494015,1.3855940695,1.3844072714,1.3836144549,1.3832030015,1.3826203672,1.3823839158,1.3820640989,1.3818379602,1.3815975588,1.3814397874,1.3812647261,1.3810565076,1.3808580549,1.3807699781,1.3806853784
jaccard,100,1.6155345909,1.4602808545,1.4268949727,1.4010864602,1.3934870325,1.389565112,1.3871494823,1.3855941512,1.3844073593,1.3836145387,1.3832030867,1.3826204509,1.3823839995,1.3820641834,1.3818380439,1.3815976429,1.3814398707,1.3812648081,1.3810565891,1.3808581362,1.3807700594,1.3806854584
mad,1,1.6313497237,1.444270858,1.4060427026,1.379440019,1.3725896149,1.3697284186,1.3682056053,1.3670383905,1.3661844763,1.3656772873,1.3652094297,1.3649784223,1.3646618127,1.3646034797,1.3644759232,1.3643415912,1.3642508395,1.364197628,1.3641567734,1.3640966431,1.3640876892,1.3641835156
mad,3,1.5163079506,1.4000838773,1.3783300083,1.3631855581,1.3595071392,1.358346304,1.3578129982,1.3571367052,1.3568860386,1.356681917,1.3565049812,1.3564198006,1.3561782089,1.3562372887,1.3561985117,1.3561870878,1.3562235362,1.3561992362,1.3561810897,1.3561255874,1.3561053514,1.35619054
mad,5,1.5048232901,1.396523478,1.3767576678,1.3630710035,1.3594959915,1.3583054965,1.3577814585,1.3571275243,1.3568870497,1.3566924902,1.356544738,1.356459454,1.3562047731,1.3562673818,1.3562187585,1.3561985432,1.3562170038,1.3562017217,1.3561859798,1.3561301789,1.3561079658,1.3561860164
mad,10,1.4995578718,1.3954837939,1.3765498772,1.3633200939,1.3599316868,1.3587556224,1.3582198503,1.357586717,1.3573597466,1.3571779783,1.3570258044,1.3569372749,1.3566777435,1.3567276614,1.3566667098,1.3566406953,1.3566568174,1.3566329937,1.3566078755,1.3565499972,1.3565254513,1.3565999458
mad,15,1.4988297926,1.3954097318,1.3765481155,1.3633693674,1.3600365528,1.3588590644,1.3583191702,1.3576958283,1.3574633344,1.3572773873,1.3571190369,1.3570238757,1.3567588164,1.3568022164,1.3567376727,1.3567137509,1.3567289977,1.3567034439,1.3566769572,1.3566160705,1.3565891551,1.3566636334
mad,20,1.4987135352,1.3954802572,1.3766612879,1.363504916,1.3601849285,1.3589946732,1.3584480508,1.3578144242,1.3575852772,1.3573932559,1.3572306892,1.3571342203,1.3568673334,1.3569097145,1.3568428386,1.3568180665,1.3568318483,1.3568065114,1.3567794922,1.3567173298,1.3566901195,1.3567636512
mad,25,1.498684625,1.3955611478,1.3767710397,1.3636055031,1.3602752075,1.3590822036,1.3585336591,1.3579015164,1.3576691107,1.3574770688,1.3573126154,1.3572145954,1.356946876,1.3569879182,1.3569196493,1.3568939455,1.3569075846,1.3568820022,1.3568545852,1.3567926655,1.3567646512,1.3568381035
mad,30,1.4987121409,1.3956332472,1.3768400998,1.3636611046,1.3603190984,1.3591263684,1.3585825989,1.3579484131,1.3577142298,1.3575205213,1.3573552807,1.3572567089,1.3569880885,1.357028382,1.3569597702,1.3569342452,1.3569477593,1.3569223732,1.3568948071,1.3568326925,1.3568043334,1.3568774837
mad,35,1.4987149066,1.3956540337,1.3768754278,1.3636902083,1.3603526317,1.3591593771,1.3586148325,1.3579799715,1.3577447385,1.3575507742,1.3573843651,1.3572846394,1.3570155682,1.3570552733,1.3569859697,1.356960175,1.3569737044,1.3569482927,1.3569208586,1.3568587788,1.3568303066,1.3569033399
mad,40,1.4986904826,1.395646506,1.3768832427,1.3636895277,1.3603490156,1.3591555483,1.3586101919,1.3579763059,1.3577420801,1.3575485369,1.3573814115,1.3572816705,1.3570121243,1.3570521033,1.3569825655,1.356956937,1.3569705372,1.3569450424,1.3569173558,1.3568553822,1.3568269615,1.356899876
mad,45,1.4986894348,1.3956526945,1.3768873243,1.3636925989,1.3603525681,1.3591579253,1.3586144122,1.3579812311,1.3577471013,1.3575538362,1.3573864279,1.3572862434,1.3570166632,1.3570563749,1.3569869241,1.3569610999,1.3569747185,1.3569494072,1.3569216723,1.356859647,1.3568312909,1.3569040898
mad,50,1.4987068212,1.3956643019,1.3768956675,1.3636957448,1.3603528883,1.3591574077,1.3586138176,1.3579806309,1.3577464445,1.3575530665,1.3573851887,1.3572847945,1.3570152834,1.3570550449,1.3569855356,1.3569595903,1.3569731786,1.3569479993,1.3569201827,1.3568581703,1.3568297969,1.356902564
mad,55,1.4987138849,1.3956795972,1.3769045613,1.3637011551,1.3603592031,1.3591625839,1.3586190529,1.3579860121,1.3577518425,1.3575583247,1.3573901249,1.3572894148,1.3570197307,1.3570593847,1.3569897201,1.3569636757,1.3569772243,1.3569520671,1.3569241556,1.3568621113,1.3568337511,1.3569065396
mad,60,1.4987211471,1.3956816513,1.3769070538,1.3637020862,1.3603593759,1.35916289,1.3586198549,1.3579869957,1.3577528133,1.3575589478,1.3573904189,1.3572895536,1.3570198928,1.3570595055,1.3569898062,1.3569637246,1.3569772721,1.356952136,1.3569241412,1.3568620925,1.3568337332,1.3569065271
mad,65,1.4987244763,1.3956834504,1.3769094925,1.3637012075,1.360357809,1.3591620976,1.3586192466,1.3579859348,1.35775191,1.3575577404,1.3573891089,1.357288255,1.3570185889,1.3570581444,1.3569884009,1.3569622293,1.3569757513,1.3569506489,1.3569226407,1.3568605597,1.3568322093,1.3569049868
mad,70,1.4987274346,1.3956845402,1.3769106534,1.3637003598,1.3603559176,1.3591612491,1.3586184354,1.3579848787,1.3577507493,1.3575563836,1.3573875253,1.3572866295,1.3570169254,1.3570564029,1.3569866294,1.356960445,1.3569739261,1.3569488418,1.3569208018,1.3568586823,1.3568303258,1.3569030783
mad,75,1.4987261005,1.3956812058,1.3769084681,1.3636969335,1.3603527198,1.3591584008,1.3586153776,1.357981709,1.3577476455,1.3575530804,1.3573841624,1.3572833831,1.3570135989,1.3570530751,1.3569832891,1.3569571031,1.3569705828,1.3569455037,1.3569174332,1.3568552972,1.3568269394,1.3568996795
mad,80,1.4987189534,1.3956758714,1.3769050045,1.3636943368,1.3603497009,1.3591556374,1.3586128754,1.3579790921,1.357744964,1.3575502885,1.3573812424,1.3572804483,1.3570106011,1.3570500353,1.3569802775,1.3569540784,1.3569675674,1.3569424868,1.3569144113,1.356852273,1.3568239251,1.3568966403
mad,85,1.4987205526,1.3956753858,1.3769050806,1.3636942643,1.3603492541,1.359155504,1.3586128694,1.357979068,1.3577448926,1.357550121,1.3573810637,1.3572802423,1.3570103521,1.3570498006,1.3569800423,1.3569538076,1.3569673148,1.3569422405,1.3569142036,1.3568520572,1.3568237,1.3568964071
mad,90,1.4987223927,1.3956760121,1.3769060657,1.3636952344,1.3603502556,1.3591565841,1.3586140902,1.3579801726,1.3577459091,1.3575510215,1.3573819424,1.3572811408,1.3570112192,1.3570506638,1.3569809185,1.3569546544,1.3569681461,1.3569430487,1.3569149988,1.3568528535,1.3568244945,1.3568972055
mad,95,1.4987200481,1.3956749382,1.376906091,1.3636951387,1.3603498868,1.3591564414,1.3586137428,1.3579799047,1.3577456948,1.3575507476,1.3573816601,1.3572808709,1.35701094,1.3570503726,1.3569806443,1.3569543889,1.3569678747,1.3569427718,1.3569147173,1.356852571,1.3568242155,1.3568969268
mad,100,1.4987187458,1.3956746122,1.376907099,1.3636952382,1.3603496545,1.3591561538,1.358613463,1.3579796198,1.3577454146,1.357550413,1.3573813134,1.3572805067,1.3570105561,1.3570499817,1.3569802716,1.356954008,1.3569674931,1.3569423906,1.3569143446,1.3568521959,1.3568238476,1.3568965516
msd,1,1.6319688298,1.4436219423,1.4067325098,1.3805404824,1.374183222,1.3717681233,1.3701041606,1.3691786944,1.3681688948,1.3678320796,1.3674507459,1.3671789818,1.3669301004,1.3668938944,1.3667149522,1.3665554808,1.3664552617,1.3664219823,1.3663082597,1.3663459576,1.3663651836,1.3663850011
msd,3,1.5254362743,1.4019822863,1.3791896885,1.3634394726,1.359653683,1.3584165832,1.3576581379,1.3571360151,1.3566616072,1.3565787471,1.356414576,1.3563080208,1.3561406696,1.3561579491,1.3560939011,1.3561023406,1.3560752785,1.3560736768,1.3559895804,1.3560272046,1.3560762096,1.3560936504
msd,5,1.5147556472,1.3981738637,1.3769402054,1.3624953832,1.3589437408,1.357781888,1.3570495903,1.3565810757,1.3561538098,1.3560702353,1.355914176,1.3558393562,1.3556714881,1.3557094275,1.3556653724,1.3556702099,1.3556480987,1.3556535757,1.3555670605,1.3556081284,1.3556586327,1.3556681739
msd,10,1.5103051633,1.3968664116,1.376441032,1.3624346218,1.3590098043,1.3578484573,1.3571136493,1.3566799937,1.3562719921,1.356198794,1.3560509278,1.3559770703,1.3558099809,1.3558413924,1.3557878828,1.3557834491,1.3557680925,1.3557733017,1.3556870286,1.3557283461,1.3557756103,1.3557828211
msd,15,1.5095085588,1.3967179213,1.3763419126,1.3623706751,1.3590064103,1.3578521143,1.3571257666,1.3566947256,1.3562891328,1.3562133225,1.3560661258,1.355989746,1.3558211377,1.3558502137,1.3557944436,1.3557908506,1.3557750995,1.3557795433,1.3556920361,1.3557331728,1.3557801528,1.3557872387
msd,20,1.5093578222,1.396752666,1.3764160208,1.3624377851,1.3590823953,1.3579178709,1.3571896084,1.3567603336,1.3563554123,1.3562782667,1.3561296323,1.3560528984,1.3558838142,1.3559125053,1.3558565822,1.3558523347,1.3558365366,1.3558411987,1.3557536309,1.3557943087,1.3558407742,1.3558475953
msd,25,1.5093098935,1.3967605545,1.3764437841,1.3624675066,1.3591221572,1.3579574033,1.357231959,1.3568021949,1.3563974554,1.3563195076,1.3561701148,1.3560929856,1.3559231923,1.355951276,1.3558947101,1.3558902899,1.355874414,1.355879087,1.3557913542,1.3558319331,1.3558779796,1.3558846784
msd,30,1.5093003967,1.3968011468,1.3764856962,1.3624928531,1.359149239,1.3579840472,1.3572588167,1.356830174,1.3564241581,1.3563461095,1.3561958888,1.3561185899,1.355948484,1.355976206,1.3559193462,1.3559150042,1.3558991395,1.3559038149,1.3558161295,1.3558567218,1.3559026746,1.3559092666
msd,35,1.5092924659,1.3968120418,1.376501978,1.3625047947,1.3591644086,1.3579986015,1.3572746546,1.3568459691,1.3564396277,1.3563614418,1.3562107907,1.3561330622,1.3559628631,1.3559904702,1.35593347,1.3559290249,1.3559131293,1.3559177854,1.3558301401,1.3558707995,1.3559166515,1.3559231461
msd,40,1.5092842023,1.3968211951,1.3765126753,1.362514581,1.3591734413,1.3580074641,1.3572839403,1.3568546499,1.3564486777,1.3563706787,1.3562198685,1.3561421141,1.3559717179,1.3559993235,1.3559421303,1.3559376589,1.3559218474,1.3559264782,1.3558388089,1.3558794624,1.3559253103,1.3559317223
msd,45,1.5092731015,1.3968272504,1.3765178689,1.3625189013,1.3591778622,1.3580115413,1.3572887259,1.3568595788,1.3564537242,1.356375953,1.3562250456,1.356147271,1.355976826,1.3560043575,1.3559471291,1.3559426638,1.3559268591,1.3559315281,1.3558438248,1.3558845002,1.3559303438,1.3559367411
msd,50,1.5092770732,1.396831739,1.376522952,1.3625207291,1.3591782796,1.3580118886,1.3572893699,1.3568602311,1.3564544887,1.3563766514,1.3562256298,1.3561477862,1.3559773626,1.3560049599,1.3559476621,1.3559431799,1.3559273577,1.3559320583,1.3558442873,1.3558849465,1.3559307778,1.355937157
msd,55,1.5092926154,1.3968416632,1.3765321913,1.3625276107,1.3591840623,1.3580174959,1.3572950317,1.3568657942,1.3564599371,1.3563819695,1.3562307793,1.356152776,1.3559823232,1.356009886,1.3559525032,1.3559479883,1.3559321551,1.3559368362,1.3558490631,1.3558896962,1.3559355163,1.3559418667
msd,60,1.5092967926,1.396844475,1.3765356859,1.3625290955,1.3591848509,1.358018557,1.3572961208,1.3568667915,1.3564609609,1.3563829205,1.3562316587,1.3561535542,1.3559831042,1.3560106611,1.3559532957,1.3559487639,1.3559329452,1.3559376566,1.3558498759,1.3558904966,1.3559363269,1.355942673
msd,65,1.5092997458,1.3968443606,1.3765358878,1.3625280282,1.3591836888,1.3580177137,1.3572953138,1.3568658108,1.3564599539,1.3563817966,1.356230494,1.3561523895,1.3559819397,1.3560095032,1.355952109,1.3559475549,1.3559317362,1.3559364537,1.3558486807,1.3558892935,1.3559351165,1.3559414651
msd,70,1.5092987266,1.3968429377,1.3765346108,1.3625264098,1.3591814044,1.3580159241,1.3572934651,1.3568640256,1.3564582385,1.3563800003,1.356228666,1.3561505581,1.3559800891,1.3560076298,1.3559502257,1.3559456631,1.3559298307,1.3559345701,1.3558467876,1.3558873872,1.3559332119,1.355939556
msd,75,1.5092964319,1.3968430893,1.3765351409,1.3625267923,1.3591819781,1.3580163292,1.3572939683,1.3568645615,1.3564586997,1.3563803959,1.3562290039,1.3561509268,1.3559804442,1.3560079856,1.3559505821,1.3559460021,1.3559301631,1.3559348985,1.3558471099,1.3558877002,1.3559335263,1.3559398634
msd,80,1.5092954931,1.3968422929,1.3765348866,1.3625264334,1.359181332,1.3580159174,1.3572936412,1.3568641143,1.3564582232,1.3563798522,1.3562284338,1.3561504033,1.3559799036,1.3560074345,1.3559500423,1.3559454604,1.3559296255,1.3559343653,1.3558465768,1.3558871654,1.3559329895,1.3559393215
msd,85,1.5092957444,1.3968423193,1.3765358089,1.3625273766,1.3591821916,1.3580168295,1.3572946517,1.3568651347,1.356459267,1.3563808302,1.3562294236,1.3561514193,1.3559809156,1.3560084538,1.355951061,1.3559464592,1.3559306212,1.355935358,1.3558475782,1.3558881624,1.3559339849,1.3559403158
msd,90,1.509298019,1.3968436549,1.3765373154,1.3625288544,1.3591835403,1.3580183033,1.3572962058,1.3568666659,1.3564608138,1.3563823623,1.3562309549,1.3561529468,1.3559824435,1.3560099803,1.3559526051,1.3559479996,1.3559321601,1.3559368957,1.3558491157,1.3558897017,1.3559355188,1.3559418531
msd,95,1.5092975837,1.3968433767,1.3765373047,1.3625288431,1.3591832349,1.3580180476,1.3572959055,1.3568663779,1.356460509,1.3563820215,1.3562306059,1.3561526201,1.3559821092,1.3560096474,1.3559522726,1.3559476703,1.3559318322,1.3559365686,1.3558487871,1.355889372,1.355935191,1.3559415284
msd,100,1.5092961914,1.3968436076,1.3765377891,1.3625292405,1.3591836021,1.3580183732,1.357296155,1.3568666254,1.3564607742,1.3563822706,1.3562308549,1.3561528865,1.3559823743,1.3560099113,1.3559525424,1.3559479342,1.3559320953,1.3559368349,1.3558490513,1.3558896359,1.3559354546,1.3559417926
modified_adjusted_cosine,1,1.6676779162,1.4855202902,1.447910493,1.4193160984,1.4095300034,1.4051230704,1.4023708358,1.4007654494,1.3994668239,1.3985139734,1.3978057762,1.3972246186,1.3965371911,1.3961062369,1.3958487953,1.3956084611,1.3953108939,1.3951001909,1.3948335468,1.3946784074,1.3945459916,1.3943695922
modified_adjusted_cosine,3,1.6393630643,1.4725674351,1.4383061471,1.4119345577,1.4029342782,1.3988112357,1.3963515534,1.3948379707,1.3936293021,1.3927878756,1.3921083685,1.3915676751,1.3909269281,1.3905148331,1.3902376979,1.3900089471,1.3897373924,1.3895273608,1.3892756324,1.3891116005,1.3889818382,1.3888149937
modified_adjusted_cosine,5,1.6379534352,1.4716388977,1.4375109039,1.4112318743,1.4022819479,1.3981766029,1.395733803,1.3942182291,1.3930113913,1.3921656307,1.3914933492,1.3909562557,1.3903167325,1.3899049797,1.3896290618,1.3894025369,1.3891316394,1.3889221964,1.3886720053,1.3885087793,1.3883818338,1.3882152882
modified_adjusted_cosine,10,1.637475756,1.4713719461,1.4373159595,1.4110697624,1.4021562981,1.3980610219,1.3956298406,1.3941172924,1.392908831,1.3920646867,1.3913938023,1.3908617481,1.3902231647,1.3898117906,1.3895361601,1.389311477,1.3890413025,1.3888322794,1.3885832282,1.3884198411,1.3882933508,1.3881273998
modified_adjusted_cosine,15,1.6374055297,1.4713071059,1.4372506265,1.4110131002,1.4021023785,1.3980092206,1.3955805812,1.394069387,1.3928611353,1.3920175289,1.3913471715,1.3908156704,1.3901773669,1.3897656667,1.3894900952,1.3892655024,1.3889952106,1.3887863874,1.3885374772,1.3883740545,1.3882477423,1.3880818671
modified_adjusted_cosine,20,1.6373976848,1.4713015862,1.4372483401,1.4110136279,1.4021022479,1.3980086355,1.395580437,1.39406925,1.3928612242,1.3920177482,1.3913476094,1.3908162315,1.3901780711,1.3897662238,1.3894906808,1.3892660697,1.3889957718,1.3887869517,1.3885380361,1.3883746255,1.3882483491,1.388082525
modified_adjusted_cosine,25,1.637389416,1.4712917942,1.437240637,1.4110042862,1.4020928125,1.3979995505,1.3955717491,1.3940608053,1.3928530693,1.3920096258,1.3913395223,1.3908082188,1.3901701341,1.3897582829,1.389482735,1.3892581521,1.3889878514,1.388779048,1.3885301375,1.3883667242,1.3882404674,1.3880746253
modified_adjusted_cosine,30,1.6373855537,1.4712892048,1.4372383379,1.4110022826,1.4020903468,1.3979971532,1.395569516,1.3940587688,1.392851057,1.3920076206,1.3913375555,1.3908062643,1.3901682266,1.3897563948,1.3894808445,1.38925628,1.388985995,1.3887771869,1.3885282752,1.388364874,1.388238625,1.3880727859
modified_adjusted_cosine,35,1.6373855267,1.4712885054,1.437236996,1.4109998861,1.4020877756,1.3979948497,1.395567263,1.394056518,1.3928488069,1.3920053964,1.391335368,1.3908040646,1.3901660461,1.3897542151,1.3894786772,1.389254114,1.3889838347,1.3887750203,1.3885261068,1.3883627088,1.3882364674,1.3880706254
modified_adjusted_cosine,40,1.6373848346,1.471287985,1.4372365901,1.4109993468,1.4020872143,1.3979944754,1.3955669066,1.3940561722,1.3928484993,1.392005098,1.3913350765,1.3908037863,1.3901657663,1.3897539548,1.3894784112,1.3892538517,1.3889835719,1.3887747543,1.3885258413,1.3883624444,1.3882362002,1.3880703622
modified_adjusted_cosine,45,1.6373853826,1.471288163,1.4372371741,1.410999633,1.4020874501,1.3979948005,1.3955672078,1.3940564469,1.3928487871,1.3920053906,1.3913353699,1.3908040881,1.3901660771,1.3897542629,1.3894787393,1.3892541846,1.3889838976,1.3887750811,1.3885261708,1.38836277,1.3882365304,1.38807069
modified_adjusted_cosine,50,1.6373847139,1.4712882894,1.4372377876,1.4109999231,1.4020877221,1.3979951073,1.3955675399,1.3940567691,1.3928491055,1.3920057196,1.3913357027,1.3908044126,1.3901664042,1.38975459,1.3894790856,1.3892545336,1.3889842432,1.3887754274,1.3885265199,1.3883631197,1.3882368804,1.3880710423
modified_adjusted_cosine,55,1.6373844427,1.4712883538,1.4372380596,1.4110001344,1.4020879412,1.3979953611,1.3955677635,1.3940569896,1.392849343,1.3920059732,1.3913359571,1.3908046737,1.3901666684,1.3897548553,1.3894793576,1.3892548044,1.3889845118,1.3887756967,1.38852679,1.3883633903,1.3882371502,1.388071313
modified_adjusted_cosine,60,1.6373842,1.4712884547,1.4372383686,1.411000355,1.4020881893,1.3979956155,1.3955680057,1.3940572305,1.3928495892,1.3920062213,1.3913362053,1.390804923,1.390166918,1.3897551032,1.3894796143,1.389255061,1.388984768,1.3887759527,1.3885270461,1.3883636464,1.3882374073,1.3880715706
modified_adjusted_cosine,65,1.6373840783,1.4712885045,1.4372384436,1.4110004424,1.4020882917,1.3979957188,1.3955681091,1.3940573427,1.392849706,1.3920063435,1.391336327,1.3908050462,1.3901670452,1.3897552282,1.3894797507,1.389255197,1.3889849021,1.3887760865,1.3885271796,1.3883637802,1.3882375414,1.3880717058
modified_adjusted_cosine,70,1.6373840521,1.4712885053,1.4372384744,1.4110005001,1.4020883762,1.3979958002,1.3955681767,1.3940574048,1.3928497677,1.3920064024,1.3913363881,1.3908051071,1.3901671069,1.3897552901,1.389479815,1.3892552616,1.3889849665,1.3887761505,1.3885272432,1.3883638441,1.3882376053,1.3880717701
modified_adjusted_cosine,75,1.6373840606,1.4712884968,1.4372384126,1.4110003481,1.4020882205,1.397995653,1.3955680337,1.3940572582,1.3928496272,1.3920062605,1.3913362472,1.3908049679,1.3901669676,1.3897551508,1.3894796767,1.389255124,1.3889848287,1.3887760125,1.3885271057,1.3883637066,1.3882374685,1.3880716334
modified_adjusted_cosine,80,1.6373840606,1.4712884963,1.4372383782,1.411000258,1.4020881344,1.3979955663,1.3955679488,1.3940571691,1.3928495392,1.3920061748,1.3913361618,1.3908048831,1.3901668829,1.3897550661,1.3894795951,1.3892550431,1.3889847476,1.3887759311,1.3885270242,1.3883636249,1.3882373871,1.3880715521
modified_adjusted_cosine,85,1.6373840606,1.4712884966,1.4372384236,1.4110003058,1.402088191,1.3979956278,1.3955680076,1.3940572289,1.3928496041,1.3920062412,1.3913362282,1.3908049499,1.39016695,1.3897551332,1.389479663,1.389255111,1.3889848155,1.3887759994,1.3885270924,1.3883636931,1.3882374553,1.388071621
modified_adjusted_cosine,90,1.6373840606,1.4712884966,1.437238406,1.4110002924,1.4020881747,1.3979956111,1.3955679905,1.3940572155,1.3928495901,1.3920062285,1.3913362155,1.3908049375,1.3901669376,1.3897551208,1.3894796509,1.389255099,1.3889848035,1.3887759875,1.3885270804,1.3883636811,1.3882374431,1.3880716089
modified_adjusted_cosine,95,1.6373840606,1.4712884966,1.4372384284,1.4110003158,1.4020882018,1.3979956375,1.3955680171,1.394057241,1.3928496162,1.3920062549,1.3913362419,1.3908049641,1.3901669644,1.3897551476,1.3894796779,1.389255126,1.3889848305,1.3887760147,1.3885271076,1.3883637083,1.3882374703,1.3880716362
modified_adjusted_cosine,100,1.6373840606,1.4712884966,1.4372384353,1.4110003158,1.4020882023,1.3979956378,1.395568017,1.3940572418,1.3928496159,1.3920062544,1.3913362414,1.3908049635,1.390166964,1.3897551471,1.3894796782,1.3892551263,1.3889848307,1.388776015,1.388527108,1.3883637088,1.3882374705,1.3880716366
modified_cosine,1,1.6717758794,1.4714429357,1.4254238337,1.388850693,1.3748921014,1.3691205287,1.3662609372,1.3638089874,1.3622702138,1.3617088912,1.3611747851,1.3604075558,1.3603355081,1.3597674204,1.3593573374,1.3590720405,1.3585222132,1.3583087771,1.3580900414,1.3578216512,1.3576434055,1.3575036165
modified_cosine,3,1.5708040301,1.4299089297,1.3989709232,1.3759010269,1.3676666226,1.3640367553,1.3623225629,1.3607697158,1.3604290642,1.360341911,1.3601352095,1.3597710557,1.3597900302,1.3595123289,1.3593195732,1.35932214,1.3588813272,1.3588391241,1.3587056813,1.3585695074,1.3585055399,1.3584965552
modified_cosine,5,1.5613406155,1.4272862634,1.3981204472,1.3759599985,1.3685856132,1.3654381638,1.3637876012,1.3623994434,1.3621494147,1.3621179844,1.3619296733,1.3615713359,1.3616948373,1.3614891197,1.3613455883,1.3613506133,1.3609011976,1.3608807337,1.3607642743,1.3606070083,1.3605371691,1.3605256858
modified_cosine,10,1.5587232237,1.4269427436,1.3987579245,1.3774718639,1.3704949109,1.3676088526,1.3659952848,1.3646834045,1.3644607818,1.3644451761,1.3643083225,1.363940599,1.364066685,1.3638826101,1.3637480893,1.3637373259,1.3632935976,1.3632671297,1.3631542088,1.3629975132,1.3629206648,1.3629192656
modified_cosine,15,1.5578848122,1.4269569978,1.3991012996,1.3781989062,1.3712791711,1.3684493875,1.3668526241,1.3655169987,1.365282614,1.3652360373,1.365129365,1.3647614215,1.3648860888,1.3647020114,1.3645645773,1.3645533356,1.3641037324,1.3640813309,1.363964274,1.3638048773,1.3637319118,1.3637323449
modified_cosine,20,1.5574572184,1.4268939926,1.399198947,1.3783719565,1.371489563,1.3686846227,1.3670777223,1.3657525434,1.3655333054,1.3654820836,1.3653705309,1.3650047043,1.3651339674,1.364948435,1.3648171933,1.3648083472,1.3643639563,1.3643457609,1.3642269813,1.3640689489,1.3639953214,1.3639971656
modified_cosine,25,1.5574326119,1.4269076535,1.3992507613,1.3784981355,1.3715867966,1.3687829047,1.3671959706,1.3658783813,1.3656570601,1.3656109663,1.3654944654,1.3651298754,1.3652583109,1.3650736001,1.364942117,1.3649307854,1.3644879666,1.3644694234,1.3643505968,1.3641937906,1.3641204382,1.364122048
modified_cosine,30,1.5574869871,1.4269729677,1.3993316558,1.3785826257,1.371667092,1.3688736207,1.3672834566,1.365967933,1.3657461071,1.365703164,1.3655849787,1.3652221064,1.3653509875,1.3651659556,1.3650343472,1.3650216093,1.3645809315,1.364561352,1.3644415316,1.3642853927,1.3642134453,1.3642157567
modified_cosine,35,1.5574833587,1.4269744568,1.3993446719,1.378618042,1.3717069613,1.368908462,1.3673149382,1.3659974141,1.3657733046,1.3657271161,1.3656093556,1.365245675,1.3653747044,1.3651906784,1.3650591072,1.3650477794,1.3646071302,1.3645881731,1.364468612,1.3643123962,1.3642403123,1.3642422153
modified_cosine,40,1.557502454,1.426988874,1.3993642336,1.3786472846,1.3717336917,1.3689384945,1.3673394915,1.3660202393,1.365799961,1.3657526459,1.3656344081,1.3652705262,1.3653992511,1.3652161612,1.3650849176,1.3650740245,1.3646334892,1.3646150709,1.3644953332,1.3643394746,1.3642674984,1.3642695374
modified_cosine,45,1.5574879902,1.4269763808,1.3993766661,1.3786667507,1.3717529603,1.3689651476,1.3673627892,1.3660436495,1.3658261379,1.3657782708,1.3656595397,1.3652959793,1.3654242478,1.3652413082,1.3651103921,1.3650993492,1.3646583317,1.3646404144,1.3645205882,1.3643649398,1.3642927795,1.3642946395
modified_cosine,50,1.5574909456,1.4269819431,1.3993853518,1.3786773582,1.371764932,1.3689785383,1.367376064,1.3660586645,1.3658414309,1.3657931866,1.3656740641,1.3653102018,1.365438784,1.3652549058,1.3651235478,1.3651122901,1.3646708348,1.3646529008,1.364532947,1.364377485,1.3643053786,1.3643068912
modified_cosine,55,1.5574989958,1.4269985723,1.39939903,1.3786988902,1.3717852003,1.3689985604,1.3673943899,1.3660759565,1.3658594746,1.3658114414,1.365692485,1.3653287365,1.3654575097,1.3652734893,1.365141865,1.3651302816,1.3646887048,1.364670951,1.3645508281,1.3643954816,1.3643232994,1.3643247045
modified_cosine,60,1.5575174073,1.4270071235,1.3994084816,1.3787093599,1.3717961033,1.3690068825,1.3674022657,1.3660853633,1.3658686029,1.3658212096,1.3657022913,1.3653383915,1.3654673233,1.3652830676,1.3651512524,1.3651396663,1.3646979302,1.3646803237,1.3645601491,1.3644050191,1.3643328098,1.3643341088
modified_cosine,65,1.5575355653,1.4270329498,1.3994275134,1.3787236594,1.3718086631,1.3690182067,1.3674130309,1.3660969058,1.3658799156,1.3658325177,1.3657137059,1.3653496447,1.3654784858,1.3652943952,1.3651625143,1.365151021,1.3647089564,1.3646913496,1.3645711431,1.3644160224,1.3643436907,1.3643449281
modified_cosine,70,1.5575412753,1.4270454594,1.3994430936,1.3787332064,1.3718193044,1.3690261791,1.3674210825,1.3661049447,1.3658883719,1.3658407946,1.3657223772,1.3653584695,1.3654873323,1.3653030819,1.365171288,1.365159754,1.36471767,1.3647000099,1.3645797475,1.3644246663,1.3643523443,1.3643535811
modified_cosine,75,1.5575418943,1.427047082,1.3994489265,1.3787376695,1.3718230183,1.3690291588,1.3674236218,1.3661073192,1.3658907763,1.3658430808,1.3657246302,1.3653605834,1.3654894771,1.3653052383,1.3651734038,1.3651619102,1.364719725,1.3647020414,1.3645816945,1.3644265467,1.3643542134,1.3643554367
modified_cosine,80,1.5575419203,1.4270533391,1.3994559996,1.3787444729,1.3718300659,1.3690356096,1.3674300433,1.3661136114,1.3658971827,1.3658492029,1.3657308742,1.365366835,1.3654956579,1.3653113082,1.3651792857,1.3651677622,1.3647254876,1.3647077597,1.3645874104,1.3644322312,1.3643599245,1.364361144
modified_cosine,85,1.5575428318,1.427058657,1.3994600175,1.3787490865,1.3718335864,1.3690392827,1.3674336935,1.3661177878,1.3659010113,1.365852774,1.3657342667,1.365370174,1.3654989219,1.3653143413,1.3651821485,1.3651706514,1.3647283289,1.3647106614,1.3645903033,1.3644351399,1.3643628429,1.3643640626
modified_cosine,90,1.5575514986,1.4270647229,1.3994656315,1.3787566358,1.3718405502,1.3690461934,1.3674401493,1.3661241726,1.3659072702,1.3658587078,1.3657401208,1.3653760151,1.3655046051,1.365320049,1.3651877904,1.3651762514,1.3647338892,1.3647162257,1.3645958712,1.3644407565,1.3643684561,1.3643696717
modified_cosine,95,1.5575538945,1.4270670046,1.3994662195,1.3787566491,1.3718417282,1.3690472933,1.3674410928,1.36612605,1.3659090536,1.3658604077,1.3657418499,1.3653777691,1.3655063543,1.3653217804,1.3651894958,1.3651779295,1.3647355594,1.3647179298,1.3645975398,1.3644424417,1.3643701247,1.3643713331
modified_cosine,100,1.5575507015,1.4270703029,1.3994688584,1.3787590055,1.3718439065,1.3690492067,1.3674428529,1.3661277627,1.3659108046,1.3658620631,1.3657434415,1.3653793757,1.3655079535,1.3653233407,1.3651909659,1.3651793834,1.3647370393,1.3647194258,1.3645990385,1.3644439451,1.364371614,1.3643728288
modified_pearson_1,1,1.7324740828,1.5533448144,1.5261557903,1.5076356002,1.5048966634,1.5030843609,1.5022176351,1.5017087801,1.5013331112,1.5010805236,1.500775511,1.5005126713,1.5003502292,1.5002261164,1.5001771311,1.5000901613,1.5000277151,1.4999692972,1.4999509531,1.4999551675,1.4999295546,1.4998918974
modified_pearson_1,3,1.613610914,1.4924208133,1.4750988039,1.4630129046,1.4610503259,1.4597360632,1.4590843781,1.4586634966,1.4583848656,1.458165406,1.4578875769,1.457668135,1.4575014772,1.4573939128,1.4573563851,1.457286405,1.4572228785,1.4571824516,1.4571656595,1.457169479,1.457135603,1.457092828
modified_pearson_1,5,1.6033100974,1.4873882552,1.4710537352,1.4594665807,1.45754281,1.4563071772,1.4556368601,1.455202309,1.4549310601,1.4547189047,1.4544386444,1.4542312267,1.4540609148,1.4539520552,1.4539117134,1.4538431718,1.453776339,1.4537366904,1.4537203362,1.4537247241,1.4536920462,1.4536497974
modified_pearson_1,10,1.5993450613,1.4855625329,1.4696521143,1.4580635046,1.4561077781,1.4548898994,1.4542231435,1.4538005045,1.45352787,1.4533094532,1.453027814,1.452822131,1.4526546839,1.4525452446,1.4525080701,1.4524399243,1.4523716486,1.4523317169,1.4523157446,1.4523199924,1.4522873695,1.452244969
modified_pearson_1,15,1.598866525,1.4855550896,1.4696353079,1.4580640332,1.456109976,1.4548987274,1.4542338675,1.4538133342,1.4535400932,1.4533213403,1.4530397555,1.4528345544,1.4526669994,1.4525571341,1.4525198322,1.4524520222,1.4523838559,1.4523439954,1.4523280812,1.4523324436,1.4522997967,1.4522574401
modified_pearson_1,20,1.5988461102,1.4855746112,1.4696486084,1.4580802776,1.4561261847,1.4549159663,1.4542518711,1.45383173,1.4535585084,1.4533394993,1.4530580839,1.4528529535,1.4526854044,1.4525756264,1.4525383111,1.4524705057,1.4524022635,1.4523623815,1.4523464574,1.452350794,1.4523181498,1.4522757844
modified_pearson_1,25,1.5988145864,1.4855884944,1.4696488407,1.458076715,1.4561237415,1.4549140059,1.4542493831,1.4538288543,1.453555617,1.4533366838,1.4530552192,1.4528501738,1.4526826201,1.4525728441,1.4525355328,1.4524677241,1.4523994884,1.4523596028,1.4523436804,1.4523480155,1.4523153772,1.4522730133
modified_pearson_1,30,1.5987943263,1.4855895795,1.4696485844,1.4580760909,1.4561236308,1.454914029,1.4542493846,1.453828847,1.4535554932,1.4533365144,1.453055097,1.4528500609,1.4526825106,1.4525727279,1.452535421,1.4524676091,1.4523993729,1.4523594856,1.452343565,1.4523478996,1.4523152624,1.4522728955
modified_pearson_1,35,1.5987835998,1.4855784699,1.4696378583,1.4580674364,1.4561141926,1.4549048441,1.4542402621,1.4538197142,1.4535464072,1.4533274503,1.4530460515,1.4528410092,1.4526734665,1.4525636828,1.4525263734,1.4524585627,1.4523903261,1.4523504385,1.4523345178,1.4523388524,1.4523062151,1.4522638471
modified_pearson_1,40,1.5987783122,1.4855791737,1.4696374269,1.4580679357,1.456114965,1.4549056951,1.454241167,1.4538205972,1.4535472565,1.4533282967,1.4530469116,1.4528418693,1.4526743233,1.4525645397,1.4525272301,1.4524594194,1.4523911828,1.4523512952,1.4523353745,1.4523397091,1.4523070718,1.4522647039
modified_pearson_1,45,1.5987753621,1.4855753713,1.4696338989,1.4580646247,1.4561119273,1.4549026629,1.4542381746,1.4538176087,1.4535442825,1.4533253215,1.4530439212,1.4528388786,1.4526713304,1.4525615466,1.4525242368,1.4524564259,1.4523881892,1.4523483016,1.4523323808,1.4523367154,1.4523040781,1.45226171
modified_pearson_1,50,1.5987844894,1.4855815943,1.4696404207,1.4580704387,1.456117754,1.4549084268,1.4542438964,1.4538233328,1.4535500004,1.4533310405,1.4530496342,1.4528445924,1.4526770455,1.4525672621,1.4525299525,1.4524621418,1.4523939054,1.4523540179,1.4523380972,1.4523424318,1.4523097946,1.4522674267
modified_pearson_1,55,1.5987894057,1.4855881854,1.4696471147,1.4580766652,1.4561241419,1.4549148041,1.4542502379,1.453829682,1.4535563532,1.4533373948,1.453055987,1.4528509463,1.4526834,1.452573617,1.4525363076,1.4524684972,1.4524002611,1.4523603738,1.4523444531,1.4523487877,1.4523161506,1.452273783
modified_pearson_1,60,1.5987882499,1.4855867122,1.4696455809,1.4580751458,1.4561226134,1.4549133433,1.4542487673,1.4538282071,1.453554882,1.4533359234,1.4530545154,1.4528494744,1.452681928,1.4525721449,1.4525348354,1.452467025,1.4523987888,1.4523589014,1.4523429808,1.4523473154,1.4523146783,1.4522723105
modified_pearson_1,65,1.5987877145,1.4855867975,1.4696456811,1.4580752256,1.4561226366,1.4549133779,1.4542488061,1.4538282429,1.4535549176,1.453335959,1.453054551,1.4528495101,1.4526819636,1.4525721806,1.4525348711,1.4524670607,1.4523988244,1.4523589371,1.4523430164,1.452347351,1.4523147139,1.4522723462
modified_pearson_1,70,1.5987879892,1.4855870154,1.4696456736,1.4580751507,1.4561225802,1.4549132919,1.4542487222,1.4538281569,1.4535548318,1.4533358733,1.4530544653,1.4528494243,1.4526818778,1.4525720947,1.4525347852,1.4524669748,1.4523987386,1.4523588512,1.4523429306,1.4523472652,1.4523146281,1.4522722604
modified_pearson_1,75,1.5987885152,1.4855875366,1.4696464983,1.4580760074,1.4561234313,1.4549141488,1.4542495791,1.4538290136,1.4535556893,1.4533367309,1.453055323,1.4528502822,1.4526827358,1.4525729528,1.4525356433,1.452467833,1.4523995968,1.4523597094,1.4523437888,1.4523481234,1.4523154863,1.4522731186
modified_pearson_1,80,1.5987892749,1.4855876537,1.469646543,1.4580759501,1.4561233802,1.4549141062,1.4542495364,1.4538289708,1.453555646,1.4533366876,1.4530552797,1.4528502388,1.4526826925,1.4525729095,1.4525356,1.4524677896,1.4523995534,1.4523596661,1.4523437454,1.45234808,1.4523154429,1.4522730752
modified_pearson_1,85,1.5987880888,1.4855872068,1.4696462447,1.4580756732,1.4561231128,1.4549138435,1.4542492737,1.453828708,1.4535553831,1.4533364246,1.4530550167,1.4528499758,1.4526824294,1.4525726464,1.4525353369,1.4524675265,1.4523992903,1.452359403,1.4523434823,1.4523478169,1.4523151798,1.4522728121
modified_pearson_1,90,1.598788497,1.4855873788,1.4696464328,1.4580758639,1.4561232976,1.4549140348,1.4542494647,1.4538288991,1.4535555742,1.4533366158,1.4530552079,1.452850167,1.4526826206,1.4525728376,1.4525355282,1.4524677178,1.4523994816,1.4523595942,1.4523436736,1.4523480082,1.4523153711,1.4522730034
modified_pearson_1,95,1.5987891741,1.4855873248,1.4696464976,1.4580759351,1.4561233694,1.4549141082,1.4542495382,1.4538289726,1.4535556477,1.4533366893,1.4530552814,1.4528502406,1.4526826942,1.4525729112,1.4525356017,1.4524677913,1.4523995552,1.4523596678,1.4523437472,1.4523480818,1.4523154447,1.452273077
modified_pearson_1,100,1.5987889643,1.4855872359,1.469646413,1.4580758525,1.4561232867,1.4549140255,1.4542494554,1.4538288897,1.4535555648,1.4533366064,1.4530551985,1.4528501577,1.4526826113,1.4525728283,1.4525355188,1.4524677084,1.4523994722,1.4523595849,1.4523436642,1.4523479988,1.4523153617,1.452272994
modified_pearson_2,1,1.7157489303,1.5298630757,1.4931362763,1.461631467,1.4510720572,1.4454885167,1.4419466459,1.4397955116,1.4381131987,1.4371290237,1.4363046838,1.435511763,1.4349054255,1.4343726266,1.4339647672,1.4336604029,1.4333247576,1.4329875204,1.4327354826,1.4325473752,1.4323860387,1.4322218284
modified_pearson_2,3,1.680586231,1.5177887908,1.4843441388,1.4560150648,1.4467618628,1.4417283093,1.4385210203,1.4365831177,1.4350703489,1.4341148221,1.4333290446,1.4325698789,1.4320071563,1.4315111623,1.4310974575,1.4308579715,1.4305632049,1.4302424635,1.42998559,1.4298024709,1.4296526222,1.429474702
modified_pearson_2,5,1.6790971195,1.5171177021,1.4838065151,1.4555985566,1.4464344151,1.4414202788,1.4382387273,1.4363028786,1.4348109572,1.4338555681,1.433062468,1.4323113919,1.4317427255,1.4312519095,1.4308429968,1.4306034825,1.4303080505,1.4299843942,1.4297281216,1.4295500389,1.4294024715,1.4292231727
modified_pearson_2,10,1.6789066762,1.5169618027,1.4837240168,1.4555368922,1.4463746841,1.4413685088,1.4381872951,1.4362556896,1.4347660037,1.4338054171,1.4330152642,1.4322648215,1.4316979629,1.4312097414,1.4307975934,1.4305578036,1.4302596544,1.4299380326,1.4296828289,1.4295045034,1.4293568471,1.4291769974
modified_pearson_2,15,1.678869706,1.5169227221,1.4836977511,1.4555155043,1.4463553635,1.4413493659,1.4381694511,1.4362381259,1.4347483562,1.4337879204,1.4329988448,1.4322479337,1.4316808353,1.4311926088,1.430781068,1.430541361,1.4302425551,1.4299209123,1.4296655859,1.4294873544,1.4293396859,1.4291597412
modified_pearson_2,20,1.6788744139,1.5169175462,1.4836936539,1.4555153954,1.4463561572,1.4413507416,1.4381718679,1.4362399227,1.4347503706,1.4337898402,1.4330006184,1.4322497827,1.4316824497,1.4311939714,1.4307824004,1.430542516,1.4302435405,1.4299219858,1.4296665785,1.4294882533,1.4293405752,1.4291606328
modified_pearson_2,25,1.6788732454,1.5169165052,1.4836910291,1.4555114161,1.4463519352,1.4413467869,1.4381680655,1.4362361005,1.4347467773,1.433786334,1.432997156,1.4322461479,1.4316789052,1.431190346,1.4307786921,1.4305389003,1.4302399048,1.4299183603,1.4296629514,1.429484652,1.4293369699,1.4291570795
modified_pearson_2,30,1.6788747585,1.5169169674,1.4836910873,1.4555096734,1.446350603,1.4413456486,1.4381667641,1.4362347572,1.4347454172,1.4337849903,1.4329958283,1.4322448198,1.4316775681,1.4311889601,1.4307773278,1.4305375115,1.4302384985,1.4299169572,1.4296615304,1.4294832301,1.4293355534,1.4291556488
modified_pearson_2,35,1.6788742692,1.5169171221,1.4836911022,1.4555093178,1.4463506572,1.4413455345,1.4381668549,1.436234871,1.4347454837,1.4337850467,1.4329958672,1.4322448749,1.431677595,1.4311889934,1.430777351,1.4305375129,1.4302384996,1.4299169568,1.4296615183,1.4294832393,1.4293355706,1.4291556781
modified_pearson_2,40,1.6788740599,1.5169166504,1.4836904786,1.4555088282,1.4463501599,1.4413450231,1.4381663676,1.4362344204,1.4347450871,1.4337846322,1.43299547,1.4322444837,1.4316772027,1.4311885813,1.4307769366,1.4305370959,1.4302380872,1.4299165502,1.4296611163,1.4294828469,1.429335172,1.4291552666
modified_pearson_2,45,1.6788740773,1.5169164102,1.4836900558,1.4555085398,1.44634992,1.4413447941,1.438166135,1.4362341876,1.4347448589,1.4337844007,1.4329952411,1.4322442701,1.4316769862,1.4311883664,1.4307767227,1.4305368818,1.4302378734,1.4299163384,1.4296609061,1.4294826338,1.4293349594,1.4291550588
modified_pearson_2,50,1.6788740683,1.5169162944,1.4836899673,1.4555083487,1.4463496566,1.4413445502,1.4381658593,1.4362339229,1.4347445943,1.4337841201,1.432994964,1.4322439895,1.4316767108,1.4311880894,1.4307764463,1.4305366071,1.4302375996,1.4299160612,1.4296606291,1.4294823542,1.4293346812,1.4291547817
modified_pearson_2,55,1.6788740685,1.5169164177,1.483690035,1.4555085628,1.44634996,1.4413448473,1.4381661789,1.436234266,1.4347449482,1.4337844648,1.4329953102,1.4322443344,1.4316770544,1.4311884319,1.4307767885,1.4305369459,1.4302379389,1.4299164006,1.4296609687,1.4294826923,1.4293350199,1.4291551204
modified_pearson_2,60,1.6788740685,1.5169165155,1.4836901034,1.4555083112,1.4463497621,1.4413446333,1.4381659579,1.4362340516,1.4347447288,1.433784245,1.4329950915,1.4322441154,1.4316768356,1.4311882124,1.4307765683,1.4305367258,1.4302377187,1.4299161804,1.4296607484,1.4294824727,1.4293348007,1.4291549007
modified_pearson_2,65,1.6788740685,1.5169165358,1.4836901157,1.4555083348,1.4463497413,1.4413446223,1.438165958,1.4362340475,1.4347447323,1.4337842441,1.4329950918,1.4322441172,1.431676837,1.4311882139,1.4307765695,1.430536728,1.430237721,1.4299161826,1.4296607507,1.4294824753,1.4293348037,1.4291549035
modified_pearson_2,70,1.6788740685,1.5169165394,1.483690091,1.4555082252,1.4463496551,1.4413445228,1.4381658651,1.4362339425,1.4347446324,1.4337841463,1.4329949925,1.4322440199,1.4316767412,1.431188118,1.4307764728,1.4305366326,1.4302376255,1.4299160871,1.4296606552,1.4294823796,1.4293347082,1.429154808
modified_pearson_2,75,1.6788740685,1.5169165394,1.4836901215,1.455508225,1.4463496715,1.441344544,1.4381658893,1.4362339548,1.4347446563,1.4337841674,1.4329950132,1.4322440406,1.4316767642,1.4311881411,1.4307764963,1.4305366553,1.4302376483,1.4299161099,1.429660678,1.4294824023,1.429334731,1.4291548308
modified_pearson_2,80,1.6788740685,1.5169165394,1.4836901261,1.4555081755,1.4463496314,1.4413444919,1.4381658412,1.436233911,1.4347446132,1.433784127,1.4329949732,1.4322440006,1.4316767253,1.4311881022,1.4307764576,1.4305366164,1.4302376093,1.429916071,1.429660639,1.4294823631,1.4293346918,1.4291547916
modified_pearson_2,85,1.6788740685,1.5169165394,1.4836901608,1.4555082463,1.4463497095,1.4413445747,1.4381659291,1.4362339967,1.4347447009,1.4337842129,1.4329950593,1.4322440867,1.4316768126,1.4311881894,1.4307765449,1.4305367037,1.4302376966,1.4299161583,1.4296607263,1.4294824504,1.4293347791,1.4291548789
modified_pearson_2,90,1.6788740685,1.5169165394,1.4836901906,1.4555082843,1.4463497829,1.4413446462,1.4381660035,1.4362340698,1.4347447759,1.4337842913,1.4329951377,1.4322441651,1.4316768909,1.4311882678,1.4307766233,1.4305367821,1.4302377751,1.4299162368,1.4296608048,1.4294825289,1.4293348576,1.4291549574
modified_pearson_2,95,1.6788740685,1.5169165394,1.4836901798,1.4555082617,1.4463497369,1.4413445996,1.4381659573,1.436234021,1.4347447288,1.4337842438,1.4329950899,1.4322441173,1.4316768422,1.4311882191,1.4307765745,1.4305367334,1.4302377263,1.429916188,1.429660756,1.4294824801,1.4293348088,1.4291549086
modified_pearson_2,100,1.6788740685,1.5169165394,1.4836901851,1.4555082671,1.4463497398,1.4413445981,1.4381659557,1.4362340184,1.4347447265,1.4337842419,1.432995088,1.4322441155,1.4316768397,1.4311882166,1.4307765721,1.4305367309,1.4302377239,1.4299161855,1.4296607536,1.4294824777,1.4293348063,1.4291549062
pearson,1,1.7039834364,1.5025954272,1.4636413606,1.4260494251,1.4145430042,1.4100675888,1.4079009746,1.4055087722,1.4042188215,1.4029008522,1.402266853,1.4014982756,1.4007330139,1.4004513518,1.40013848,1.3999462235,1.3997756669,1.3995904285,1.3995886925,1.39954877,1.3993873976,1.3991786892
pearson,3,1.632592761,1.4752878455,1.4460785251,1.4187260694,1.4104562764,1.4070695662,1.4056672943,1.4040178604,1.4032396413,1.4023639161,1.4021180306,1.4016051598,1.401123622,1.4008794305,1.4004946141,1.4003101542,1.4002749919,1.4002021498,1.4002285513,1.4002637014,1.4000912237,1.3999377204
pearson,5,1.6292695634,1.47466491,1.4455124897,1.4183744549,1.410392061,1.4070180428,1.4057275714,1.4041935164,1.4034580098,1.4026359423,1.4024201721,1.4019223294,1.4014533992,1.4012146379,1.4008555855,1.4006928592,1.4006729329,1.4005963885,1.4006303539,1.4006510015,1.4004716432,1.4003211017
pearson,10,1.6286729898,1.4746304975,1.445619503,1.4187188324,1.4108369123,1.4075120325,1.4062255343,1.4046784787,1.4039496698,1.4031412353,1.4029069691,1.4024056695,1.401936048,1.4017064622,1.401351018,1.4011859301,1.4011700241,1.4010911749,1.4011220267,1.401139284,1.4009619668,1.4008134801
pearson,15,1.6285947595,1.4746472733,1.445628149,1.4187760202,1.4108799487,1.4075751335,1.4062843369,1.4047386643,1.4040073694,1.4031966443,1.4029676397,1.4024666826,1.4019983036,1.4017683457,1.4014088258,1.4012459424,1.4012279249,1.4011493579,1.40118093,1.4012004305,1.4010228433,1.4008744568
pearson,20,1.6285255081,1.474617526,1.4456269094,1.4187692853,1.4108743161,1.4075626153,1.4062732325,1.4047330257,1.4040043079,1.4031887106,1.4029636916,1.4024635066,1.4019959272,1.4017665554,1.401406884,1.4012443149,1.4012259762,1.4011475636,1.4011796337,1.4011992901,1.4010217715,1.4008733292
pearson,25,1.6285221293,1.4745880137,1.4456155677,1.4187828949,1.410894944,1.4075831506,1.4062934527,1.4047546193,1.4040278601,1.4032112047,1.4029868991,1.4024860769,1.4020187642,1.4017890158,1.4014291689,1.401266806,1.401248561,1.4011703718,1.4012025272,1.4012218858,1.4010443329,1.4008960404
pearson,30,1.6285274875,1.4745794503,1.4456080053,1.4187817631,1.4108992296,1.4075869562,1.4062960461,1.4047570901,1.4040304304,1.4032149466,1.4029914259,1.4024904655,1.4020234862,1.401793618,1.4014338291,1.4012717996,1.4012535722,1.4011753707,1.4012075262,1.4012268736,1.4010493559,1.4009012475
pearson,35,1.6285286809,1.4745774463,1.4456065249,1.4187849,1.4109004814,1.4075891134,1.4062975504,1.4047587485,1.4040320865,1.4032161643,1.4029931779,1.4024922848,1.4020254702,1.4017953849,1.4014354652,1.4012734921,1.4012552155,1.4011770552,1.4012091905,1.4012284921,1.4010510038,1.400902875
pearson,40,1.6285271399,1.4745732982,1.4456015929,1.4187852843,1.4108984764,1.4075873141,1.4062963958,1.4047580688,1.4040314716,1.4032155078,1.4029927897,1.4024918102,1.402024947,1.4017949436,1.4014350681,1.4012730877,1.401254791,1.4011766277,1.4012087679,1.4012280595,1.4010505473,1.4009024099
pearson,45,1.6285246768,1.4745734582,1.4455992063,1.4187825323,1.410895472,1.4075844769,1.406294775,1.4047561272,1.4040297275,1.4032136978,1.4029910645,1.4024903184,1.4020234143,1.4017934093,1.4014336077,1.4012716796,1.4012533691,1.4011752599,1.4012073996,1.401226689,1.4010491645,1.400901024
pearson,50,1.6285249431,1.4745709951,1.4455984674,1.4187829218,1.410894875,1.4075843256,1.4062946114,1.4047561306,1.404029994,1.4032139271,1.4029913186,1.402490613,1.4020237487,1.4017937254,1.4014339373,1.4012720188,1.4012536968,1.4011755811,1.4012077183,1.4012270045,1.4010494677,1.4009013242
pearson,55,1.628524229,1.4745691332,1.4455981146,1.4187830331,1.4108942438,1.4075834019,1.406293765,1.4047553754,1.404029366,1.4032133384,1.4029906565,1.4024900209,1.402023155,1.4017931806,1.4014334017,1.4012715061,1.4012531814,1.401175067,1.401207205,1.401226491,1.4010489545,1.400900811
pearson,60,1.6285240429,1.4745693294,1.4455985068,1.418783126,1.410894329,1.4075835846,1.4062938908,1.4047554274,1.4040294511,1.4032133941,1.4029907509,1.4024901328,1.4020232567,1.4017932972,1.4014335093,1.4012716395,1.4012533049,1.4011751891,1.4012073254,1.4012266104,1.4010490728,1.4009009283
pearson,65,1.6285240632,1.4745698504,1.4455995365,1.4187842437,1.4108953774,1.4075844969,1.4062946901,1.4047562706,1.4040303454,1.40321428,1.4029916329,1.4024909966,1.4020241174,1.4017941538,1.4014343599,1.4012724717,1.4012541351,1.4011760203,1.4012081572,1.4012274427,1.4010499058,1.400901762
pearson,70,1.6285241405,1.4745701979,1.4455996041,1.4187837676,1.4108951358,1.4075844086,1.4062946256,1.4047562012,1.4040302624,1.4032141924,1.4029915449,1.4024909094,1.4020240325,1.4017940702,1.401434275,1.4012723665,1.4012540309,1.4011759153,1.4012080518,1.4012273369,1.4010497995,1.4009016552
pearson,75,1.6285241405,1.4745702311,1.4456001172,1.4187844725,1.410895898,1.407585143,1.406295377,1.4047569574,1.4040310434,1.4032149693,1.4029923444,1.4024917038,1.402024825,1.40179486,1.4014350632,1.4012731542,1.4012548172,1.4011767014,1.4012088377,1.4012281226,1.4010505852,1.4009024408
pearson,80,1.6285241405,1.4745699536,1.4456000645,1.4187842109,1.4108958069,1.4075851118,1.4062953227,1.4047568851,1.4040309877,1.4032148996,1.4029922761,1.4024916344,1.4020247549,1.4017947894,1.401434992,1.4012730819,1.4012547446,1.4011766289,1.4012087652,1.4012280501,1.4010505127,1.4009023684
pearson,85,1.6285241405,1.4745696473,1.4455999926,1.4187840406,1.410895659,1.4075849976,1.4062952183,1.4047567918,1.4040309301,1.4032148373,1.4029922062,1.4024915643,1.4020246849,1.4017947196,1.4014349226,1.401273012,1.401254675,1.401176559,1.4012086952,1.40122798,1.4010504425,1.400902298
pearson,90,1.6285241405,1.4745696102,1.4455999519,1.4187836313,1.4108953395,1.4075847153,1.4062949542,1.4047565607,1.4040306719,1.4032145816,1.4029919572,1.4024913148,1.4020244349,1.4017944692,1.4014346717,1.4012727654,1.4012544278,1.4011763119,1.401208448,1.4012277329,1.4010501954,1.4009020509
pearson,95,1.6285241405,1.4745696192,1.4456000654,1.4187837106,1.4108954765,1.4075848736,1.4062950996,1.4047567041,1.4040308369,1.4032147406,1.4029921169,1.4024914745,1.4020245946,1.4017946289,1.4014348315,1.4012729263,1.4012545886,1.4011764727,1.4012086089,1.4012278937,1.4010503562,1.4009022117
pearson,100,1.6285241405,1.4745695744,1.4456001623,1.4187838883,1.4108956846,1.4075850775,1.406295297,1.4047569132,1.4040310248,1.4032149297,1.4029923058,1.4024916633,1.4020247835,1.4017948178,1.4014350204,1.401273115,1.4012547774,1.4011766615,1.4012087977,1.4012280825,1.401050545,1.4009024006
