Similarity,recursive_neighbors \ K ,1,3,5,10,15,20,25,30,35,40,45,50,55,60,65,70,75,80,85,90,95,100
adjusted_cosine,1,1.0325253668,0.9631405102,0.9463766562,0.9340895129,0.9303459645,0.9291681892,0.9273207186,0.9261986928,0.9255913118,0.9252510335,0.9243575199,0.9240116887,0.924044694,0.9236635146,0.9231572631,0.9228738503,0.9228841898,0.9229369874,0.9229333011,0.9229486487,0.92281223,0.9227904023
adjusted_cosine,3,1.0001130892,0.9499159033,0.938284848,0.9291346898,0.9262228782,0.9248699676,0.9234626342,0.9229668265,0.9227659035,0.9227069692,0.9220721906,0.9220541666,0.9220453796,0.9217624016,0.9214218201,0.9212640304,0.9212448093,0.9212945543,0.9212764033,0.921315256,0.9213162795,0.9213165796
adjusted_cosine,5,0.9976476661,0.9481944556,0.9364382233,0.9278220887,0.9250807287,0.923890863,0.9225747301,0.922102664,0.9219424766,0.921797816,0.9212293599,0.9212489935,0.9212395083,0.9209749052,0.9206325045,0.9204959927,0.9204779933,0.9205231647,0.9205140911,0.9205372076,0.92054037,0.9205511369
adjusted_cosine,10,0.9961056429,0.9471156916,0.9356595925,0.9274729951,0.9248528052,0.92374102,0.922453215,0.9219785666,0.921857143,0.9217030421,0.921156685,0.9211745095,0.9211633587,0.9209033015,0.9205776605,0.9204405437,0.9204311909,0.9204825652,0.9204707201,0.9204936474,0.9204942588,0.9205016253
adjusted_cosine,15,0.9955427788,0.9466496113,0.9353040007,0.9270926098,0.9245254556,0.9234578676,0.9221582135,0.9216864617,0.9215791932,0.9214415488,0.9209139833,0.920931473,0.9209218537,0.9206660581,0.9203421035,0.9202105958,0.9201921956,0.9202456225,0.9202367414,0.9202583585,0.9202556837,0.9202623451
adjusted_cosine,20,0.9955219091,0.946635826,0.935287052,0.9270763604,0.9245081702,0.9234279649,0.9221198657,0.9216567958,0.9215536956,0.9214219332,0.920892961,0.9209096193,0.9208968603,0.9206416777,0.9203171952,0.9201853874,0.9201650357,0.9202171533,0.9202090626,0.9202309313,0.9202252606,0.9202315565
adjusted_cosine,25,0.9954337765,0.9465990216,0.9352771649,0.9270615508,0.9245337268,0.9234512133,0.9221387882,0.9216755936,0.9215772059,0.9214421871,0.9209148077,0.9209314521,0.9209174833,0.9206614829,0.9203373023,0.9202057845,0.9201845062,0.9202362451,0.920228481,0.9202506306,0.9202456949,0.9202520626
adjusted_cosine,30,0.9954098032,0.946591353,0.9353004477,0.9270861674,0.9245595435,0.9234656424,0.9221503586,0.9216866968,0.9215902522,0.9214550942,0.9209258643,0.9209427923,0.920927483,0.9206715294,0.9203463379,0.9202145883,0.9201927409,0.9202441293,0.9202359257,0.9202582102,0.9202533118,0.9202598019
adjusted_cosine,35,0.9954079071,0.9466319447,0.9353193232,0.9270980386,0.92458495,0.9234901354,0.9221724144,0.921709678,0.9216134737,0.9214789294,0.9209494044,0.92096631,0.9209502835,0.9206947255,0.9203684072,0.920236679,0.9202148476,0.9202665967,0.920258393,0.9202810104,0.9202759639,0.9202821978
adjusted_cosine,40,0.9954120322,0.9466249203,0.9353262608,0.9271124107,0.9245986248,0.9235033062,0.9221862709,0.9217250234,0.9216285597,0.9214929482,0.9209634814,0.9209804718,0.9209645737,0.9207086667,0.92038219,0.9202504457,0.9202289023,0.9202804922,0.9202722192,0.920294423,0.920289373,0.9202957885
adjusted_cosine,45,0.9954439175,0.9466634648,0.9353618195,0.9271329505,0.9246188638,0.9235243327,0.9222074155,0.9217460948,0.9216496293,0.9215137496,0.9209847013,0.9210017341,0.9209856925,0.9207296695,0.9204032889,0.9202715508,0.9202500385,0.9203014959,0.9202931557,0.9203153825,0.9203103562,0.920316709
adjusted_cosine,50,0.9954313976,0.9466667155,0.9353677806,0.9271348483,0.9246197266,0.9235270085,0.922211391,0.9217481587,0.9216520842,0.9215162263,0.9209870172,0.9210042695,0.9209882284,0.9207323335,0.9204058915,0.9202742424,0.9202527856,0.9203042059,0.9202958995,0.9203181843,0.9203131712,0.9203195732
adjusted_cosine,55,0.9954221063,0.9466665301,0.9353720252,0.9271413841,0.9246263101,0.9235322506,0.9222151021,0.9217524193,0.9216557077,0.9215195275,0.9209904881,0.9210078759,0.9209919893,0.9207360776,0.9204095375,0.9202778997,0.9202564727,0.9203078488,0.9202996104,0.9203218594,0.9203168088,0.9203232607
adjusted_cosine,60,0.9954253181,0.9466747045,0.9353840002,0.927151265,0.9246350029,0.9235416552,0.9222248709,0.9217617162,0.9216646614,0.921528482,0.9209995236,0.9210168169,0.9210008983,0.920744932,0.9204184089,0.920286754,0.9202652901,0.9203167339,0.9203085385,0.9203307854,0.9203257129,0.9203321827
adjusted_cosine,65,0.9954234516,0.9466710321,0.9353788253,0.9271449951,0.9246287668,0.9235353177,0.9222183766,0.9217557033,0.9216589079,0.9215226897,0.9209935474,0.9210108385,0.92099494,0.9207389349,0.9204123884,0.9202806901,0.9202592114,0.9203106961,0.9203024809,0.9203247272,0.9203196637,0.9203261199
adjusted_cosine,70,0.9954220693,0.9466674755,0.9353740261,0.9271376206,0.9246215225,0.9235283526,0.9222119,0.9217488238,0.9216521351,0.9215158917,0.9209868372,0.9210040611,0.9209881436,0.920732093,0.9204055368,0.920273826,0.9202523426,0.9203037961,0.9202955994,0.920317843,0.9203127758,0.9203192545
adjusted_cosine,75,0.9954244466,0.9466682026,0.9353735722,0.9271379066,0.9246227863,0.9235309001,0.9222146184,0.9217518576,0.9216550661,0.9215188075,0.9209896904,0.9210068508,0.9209909072,0.9207348199,0.9204082596,0.9202765637,0.9202550822,0.9203065606,0.920298366,0.9203206066,0.9203155389,0.9203220131
adjusted_cosine,80,0.9954177879,0.9466632698,0.9353691947,0.9271349406,0.9246195974,0.923528027,0.9222117797,0.9217488831,0.9216518559,0.9215156444,0.9209865833,0.921003748,0.9209877954,0.9207317123,0.920405148,0.9202734411,0.9202519602,0.9203034438,0.9202952498,0.9203174898,0.9203124205,0.9203188991
adjusted_cosine,85,0.9954110898,0.9466668599,0.9353740887,0.9271380811,0.9246236874,0.92353254,0.9222162847,0.9217535557,0.9216565854,0.9215202734,0.9209912721,0.9210083945,0.9209923813,0.9207363121,0.9204097479,0.9202780378,0.9202565563,0.920308041,0.9202998467,0.9203220878,0.9203170183,0.9203234959
adjusted_cosine,90,0.9954098749,0.9466638548,0.9353709398,0.9271352109,0.9246214284,0.9235305418,0.9222140895,0.9217513704,0.9216543508,0.9215180137,0.920989046,0.9210061823,0.9209901735,0.9207341104,0.9204075455,0.920275835,0.920254354,0.9203058469,0.9202976516,0.9203198924,0.9203148226,0.9203212998
adjusted_cosine,95,0.995412317,0.9466624885,0.9353711258,0.9271343162,0.9246200262,0.9235293111,0.9222129753,0.9217502194,0.9216531211,0.9215167658,0.9209878471,0.9210049806,0.9209890113,0.9207329463,0.920406381,0.9202746698,0.9202531886,0.9203046946,0.9202964983,0.9203187385,0.9203136681,0.9203201448
adjusted_cosine,100,0.9954135113,0.9466610291,0.9353681188,0.9271309762,0.9246167206,0.9235261754,0.9222099243,0.9217471039,0.9216500662,0.9215137125,0.9209848097,0.9210019528,0.9209859739,0.9207299117,0.9204033449,0.920271633,0.9202501513,0.9203016607,0.9202934647,0.9203157047,0.9203106341,0.9203171106
cosine,1,1.0005207367,0.9420836656,0.9321877307,0.9209779705,0.9166142485,0.9145845426,0.913647526,0.9126440314,0.9123283497,0.9121378418,0.911905773,0.9116487271,0.9112699058,0.9112220542,0.9110158334,0.9109418614,0.9109779061,0.9109050449,0.9109144597,0.9107892093,0.9107010762,0.9106902823
cosine,3,0.9851222184,0.9365032749,0.9280771876,0.9190859925,0.9152883008,0.9137043559,0.9130943284,0.9122754289,0.9119892042,0.9116987323,0.9115599993,0.9113315639,0.9110237707,0.9109459173,0.9108268009,0.9107129508,0.9107274226,0.9106579337,0.9106568348,0.9105706689,0.9104804728,0.910470027
cosine,5,0.9833482924,0.9361209266,0.9276941943,0.9187382327,0.9151124386,0.9136133625,0.9130031943,0.9122049127,0.9119493602,0.9116423815,0.9114915123,0.9112724071,0.9109691414,0.9108951547,0.9107829316,0.9106721733,0.9106939319,0.910611382,0.9106098983,0.9105247763,0.9104356266,0.9104214949
cosine,10,0.982873829,0.9359723404,0.9276355686,0.9186424288,0.915063924,0.9135969185,0.9129895073,0.9121957349,0.9119479447,0.9116344292,0.9114767303,0.911253432,0.9109677384,0.910900503,0.910794229,0.9106817331,0.9107022827,0.9106163595,0.9106153482,0.9105326321,0.9104408395,0.9104235542
cosine,15,0.9828650149,0.9360797755,0.9276749973,0.9186872598,0.9151018616,0.9136323982,0.9130164804,0.9122226257,0.9119830258,0.9116715313,0.9115094635,0.9112902193,0.9110046076,0.9109388633,0.910833254,0.9107236031,0.910747309,0.9106623617,0.9106600187,0.9105781567,0.9104865969,0.9104690568
cosine,20,0.9829198676,0.9361017706,0.9276953035,0.9187239694,0.9151441282,0.9136755026,0.9130589584,0.9122638045,0.9120237997,0.9117102921,0.9115464663,0.9113268269,0.9110406285,0.9109741671,0.9108671051,0.9107581177,0.9107824787,0.9106979681,0.9106953618,0.910613699,0.9105221161,0.9105038767
cosine,25,0.9829330584,0.9361012873,0.9277106774,0.9187358043,0.9151613067,0.9136905537,0.913077306,0.912280585,0.9120420208,0.9117285123,0.9115640635,0.9113452024,0.911059432,0.9109924421,0.9108856619,0.9107762057,0.9108000107,0.9107152819,0.9107126432,0.9106307902,0.9105392619,0.9105206351
cosine,30,0.982976977,0.9361357152,0.9277494095,0.9187766026,0.9152048578,0.9137350241,0.9131216515,0.9123228942,0.9120824904,0.9117694289,0.9116042411,0.9113852718,0.9110996808,0.9110325767,0.9109260165,0.9108168178,0.9108406376,0.910756334,0.9107535418,0.9106719288,0.9105800239,0.9105614138
cosine,35,0.9829827282,0.9361732144,0.9277876648,0.9188106575,0.9152406442,0.9137701822,0.9131563395,0.9123577261,0.9121181168,0.9118053069,0.9116399772,0.9114213648,0.9111360956,0.9110687111,0.910962224,0.9108527951,0.9108769534,0.9107925501,0.9107896473,0.9107081026,0.9106161841,0.9105975956
cosine,40,0.9829897468,0.9361693836,0.9277805013,0.9188043769,0.9152342667,0.9137643464,0.9131514765,0.9123534583,0.9121140445,0.9118008856,0.911635262,0.9114166794,0.9111314147,0.9110640852,0.9109573622,0.9108478905,0.9108720964,0.9107875789,0.9107845439,0.9107028431,0.9106109359,0.9105924093
cosine,45,0.9829737718,0.9361650181,0.9277746795,0.9188002906,0.9152280603,0.9137579054,0.9131461227,0.9123482753,0.912109153,0.9117959935,0.9116301939,0.91141154,0.9111263509,0.911058952,0.910952137,0.9108426677,0.9108669273,0.9107824579,0.9107794496,0.9106977809,0.9106059394,0.9105874963
cosine,50,0.9829642879,0.936158609,0.9277707403,0.9187981937,0.9152236964,0.9137541475,0.9131425436,0.9123449811,0.9121052313,0.9117918437,0.9116259929,0.911407192,0.9111223416,0.911055073,0.9109482445,0.9108387701,0.9108629475,0.9107785742,0.9107755878,0.9106939087,0.9106020693,0.9105836498
cosine,55,0.9829536237,0.9361546272,0.9277684675,0.9187964972,0.915222496,0.9137537293,0.9131429552,0.9123457139,0.9121060362,0.9117925569,0.9116265493,0.9114077123,0.911122921,0.9110555772,0.91094868,0.9108391214,0.9108632831,0.9107789396,0.9107759477,0.9106942627,0.910602357,0.9105838935
cosine,60,0.9829592563,0.9361540835,0.9277682266,0.9187981936,0.9152250993,0.9137571593,0.9131460007,0.9123488679,0.9121091202,0.9117955275,0.9116295161,0.9114105346,0.9111257995,0.9110585123,0.9109515602,0.9108420401,0.9108661785,0.9107818109,0.9107787585,0.9106970641,0.9106051202,0.9105866605
cosine,65,0.9829500669,0.9361472086,0.9277611416,0.918790654,0.9152171866,0.9137498501,0.9131386307,0.912341876,0.9121020484,0.9117885728,0.9116225503,0.9114034991,0.9111188571,0.9110516008,0.9109445502,0.9108350361,0.9108591636,0.9107748089,0.9107717482,0.9106900591,0.9105980966,0.9105796376
cosine,70,0.9829528783,0.9361501353,0.9277643222,0.9187942379,0.9152214512,0.9137542995,0.9131434966,0.912346946,0.9121072671,0.9117936513,0.9116275962,0.9114086556,0.9111240216,0.9110567103,0.910949675,0.9108401754,0.9108642238,0.9107798552,0.9107767876,0.9106951051,0.9106031286,0.9105846528
cosine,75,0.9829527353,0.9361499293,0.9277639561,0.9187955498,0.9152225891,0.9137560224,0.9131453754,0.9123488405,0.9121089497,0.9117952994,0.9116292848,0.9114103805,0.9111257207,0.911058339,0.9109512905,0.9108417947,0.9108658153,0.9107814188,0.910778373,0.9106966891,0.9106047099,0.9105862274
cosine,80,0.9829528927,0.9361516058,0.9277632708,0.9187959834,0.9152229895,0.9137558822,0.9131455201,0.9123488607,0.9121089293,0.9117952653,0.9116293126,0.9114104399,0.9111257703,0.9110583743,0.9109513106,0.9108418471,0.910865843,0.9107814657,0.9107784101,0.9106967151,0.9106047182,0.9105862372
cosine,85,0.9829520033,0.9361529881,0.9277654783,0.9187976883,0.9152251908,0.9137580636,0.9131478426,0.912351023,0.9121111524,0.9117974047,0.9116315996,0.9114127139,0.9111280823,0.9110606555,0.9109535616,0.9108440847,0.9108680808,0.9107836866,0.9107806181,0.9106989289,0.910606928,0.9105884422
cosine,90,0.9829508712,0.936152026,0.927763701,0.9187962418,0.9152242541,0.9137575416,0.913147112,0.9123502842,0.9121104996,0.9117966874,0.9116308686,0.9114120027,0.9111274089,0.9110600104,0.9109529375,0.9108434938,0.9108675081,0.9107831405,0.9107800562,0.9106983589,0.9106063675,0.9105878772
cosine,95,0.982952371,0.9361531465,0.9277643264,0.9187968032,0.9152247322,0.9137581294,0.9131476476,0.91235105,0.9121112408,0.9117973608,0.9116315697,0.9114127493,0.911128154,0.9110607636,0.910953704,0.9108442627,0.910868275,0.9107839127,0.9107808216,0.9106991197,0.9106071375,0.9105886502
cosine,100,0.9829504683,0.9361527316,0.927763179,0.918795952,0.9152236077,0.9137569893,0.9131466782,0.9123500363,0.9121101992,0.9117962854,0.9116305047,0.9114116824,0.911127091,0.9110597066,0.9109526614,0.9108432229,0.9108672356,0.9107828742,0.9107797743,0.9106980665,0.9106060896,0.9105876016
jaccard,1,1.0024285037,0.9423548857,0.9282476525,0.9191743583,0.9159584983,0.9138171924,0.9129297986,0.9120049237,0.9116321248,0.9112565918,0.9111649438,0.9110124404,0.9108821393,0.9109281121,0.9108672328,0.9108910191,0.9107790853,0.91078688,0.9106936769,0.9107206154,0.9107245441,0.9107136397
jaccard,3,0.9855043862,0.9339731157,0.9230522042,0.9166651113,0.9140233009,0.912520224,0.9119079125,0.9111118422,0.9109631051,0.9106213359,0.9104877034,0.9104065464,0.910298687,0.9102837558,0.9103099173,0.9103450752,0.910252774,0.9102350978,0.9101622756,0.9101432997,0.910143925,0.9101253741
jaccard,5,0.984355139,0.9338174603,0.9229049754,0.9166115303,0.9140093777,0.9125631012,0.91193692,0.9111495534,0.9110034689,0.9106684795,0.9105322429,0.9104513205,0.9103365,0.9103182121,0.9103557531,0.910389655,0.9103001886,0.9102980563,0.910229969,0.910216178,0.9102257182,0.9102078057
jaccard,10,0.9840873315,0.9338007651,0.9228854437,0.9165892035,0.9140155126,0.9125884467,0.9119761316,0.9111909015,0.9110628971,0.9107252154,0.9105878019,0.9105181115,0.9104067102,0.9103957306,0.9104264562,0.9104531719,0.9103683645,0.910363666,0.9102945092,0.9102818046,0.9102941908,0.9102792695
jaccard,15,0.9841337613,0.9338576136,0.9229101774,0.9166515355,0.9140756217,0.9126491225,0.9120460805,0.9112600718,0.9111352914,0.9107974653,0.9106580227,0.9105871984,0.9104771633,0.9104668954,0.910499125,0.9105232915,0.9104377351,0.9104347669,0.9103661379,0.9103544537,0.9103674403,0.9103521082
jaccard,20,0.9842338628,0.9339302549,0.9229778366,0.9167209403,0.9141434788,0.9127157964,0.9121078333,0.9113204803,0.9111931774,0.9108567389,0.9107167793,0.9106447914,0.9105354894,0.9105252511,0.9105578447,0.9105821795,0.9104966995,0.9104932774,0.9104242323,0.9104124572,0.9104250646,0.9104100267
jaccard,25,0.9842425548,0.9339606891,0.9230041251,0.9167517317,0.9141810327,0.9127513381,0.9121399303,0.9113509596,0.9112220947,0.9108867063,0.9107466645,0.9106738499,0.9105642137,0.9105537544,0.9105868269,0.9106116037,0.9105261409,0.910522482,0.910453853,0.9104419478,0.9104542454,0.9104396433
jaccard,30,0.9842854534,0.9339872278,0.9230353816,0.9167827226,0.9142132281,0.9127843167,0.9121722244,0.9113822746,0.911252697,0.9109168044,0.9107768605,0.9107042653,0.910594317,0.9105839316,0.9106168727,0.9106418036,0.9105565632,0.9105527771,0.9104842828,0.9104721667,0.9104844648,0.9104698972
jaccard,35,0.9842662877,0.9339734026,0.9230203307,0.9167687125,0.914197442,0.9127701244,0.9121582487,0.9113678717,0.9112386505,0.910902483,0.9107626023,0.9106897565,0.9105799908,0.9105697752,0.9106024121,0.9106275057,0.910542315,0.9105383967,0.9104699694,0.9104578889,0.9104701168,0.9104555062
jaccard,40,0.9843140382,0.9340007649,0.9230473309,0.9167966278,0.914223915,0.9127975994,0.9121860022,0.9113954396,0.9112665145,0.9109304036,0.9107904325,0.9107173008,0.9106073894,0.9105974804,0.910630228,0.9106555589,0.9105702936,0.9105663229,0.9104979616,0.9104858939,0.9104981546,0.9104836181
jaccard,45,0.9843085857,0.9340061586,0.9230499441,0.9168005955,0.9142277065,0.9128011198,0.9121888917,0.9113992164,0.9112699629,0.9109339988,0.910793814,0.9107208036,0.9106110036,0.9106012672,0.9106339706,0.9106594092,0.9105741191,0.9105701156,0.9105018577,0.910489775,0.9105019954,0.9104874732
jaccard,50,0.9842995459,0.9340049645,0.9230488665,0.9168020367,0.914229989,0.9128033483,0.9121912489,0.9114016752,0.9112721373,0.9109360456,0.9107957713,0.9107228396,0.9106130755,0.9106034058,0.910636072,0.9106614217,0.9105760456,0.9105720758,0.9105038385,0.9104917801,0.910503976,0.9104895002
jaccard,55,0.9843048148,0.9340060169,0.9230491376,0.9168031843,0.9142309964,0.9128048021,0.9121928114,0.9114029877,0.911273268,0.9109372626,0.9107971201,0.9107241498,0.9106144645,0.9106048243,0.910637478,0.9106627841,0.9105773693,0.9105734163,0.9105051875,0.9104930638,0.9105052924,0.910490816
jaccard,60,0.9843012875,0.9340003389,0.9230435331,0.9168001286,0.9142283377,0.9128021591,0.9121904991,0.9114008438,0.9112711739,0.9109352309,0.9107952105,0.9107222352,0.9106125261,0.9106028786,0.9106354946,0.91066079,0.9105753441,0.9105713416,0.9105030986,0.9104909841,0.9105031911,0.9104886729
jaccard,65,0.9842888488,0.9339918292,0.9230360256,0.9167929195,0.9142207699,0.9127947356,0.9121830385,0.9113935139,0.9112638184,0.9109277467,0.9107877354,0.9107148211,0.9106051052,0.9105954635,0.9106281253,0.9106534084,0.9105679656,0.9105639171,0.9104956439,0.9104835359,0.9104957585,0.9104812075
jaccard,70,0.9842901649,0.933990858,0.9230340864,0.9167914163,0.9142188589,0.9127930721,0.9121816015,0.9113918361,0.9112621661,0.9109261982,0.9107860572,0.9107130958,0.9106033747,0.9105937572,0.9106263856,0.9106516752,0.9105662237,0.9105621774,0.9104939329,0.9104818419,0.9104940687,0.9104795303
jaccard,75,0.9842910241,0.9339928281,0.9230358766,0.9167937594,0.9142215482,0.9127958845,0.9121845648,0.9113948782,0.9112651863,0.9109292781,0.9107891598,0.9107162161,0.9106065049,0.9105968585,0.9106294738,0.9106547827,0.9105693272,0.910565267,0.9104970426,0.9104849448,0.9104971818,0.9104826325
jaccard,80,0.9842892711,0.9339896528,0.9230331977,0.9167915617,0.9142194021,0.9127938788,0.9121827718,0.9113931285,0.9112634531,0.9109275318,0.9107874702,0.9107145518,0.9106048848,0.9105952867,0.9106278827,0.9106531875,0.9105677323,0.910563647,0.9104954266,0.9104833173,0.9104955499,0.9104809929
jaccard,85,0.9842906994,0.9339918569,0.9230356827,0.9167941301,0.9142218651,0.9127966543,0.9121854103,0.9113958659,0.9112662508,0.9109303287,0.9107902728,0.9107173995,0.9106077483,0.9105981613,0.9106307575,0.9106560722,0.9105706072,0.910566532,0.9104983114,0.9104862031,0.9104984397,0.9104838845
jaccard,90,0.9842928842,0.933994205,0.923037726,0.9167964614,0.9142242646,0.9127992579,0.9121879865,0.9113984312,0.9112687904,0.9109328483,0.9107928249,0.9107199834,0.9106103018,0.9106007176,0.9106333056,0.910658614,0.9105731464,0.9105690624,0.9105008361,0.9104887285,0.9105009604,0.9104864079
jaccard,95,0.9842918796,0.9339928739,0.9230364838,0.9167956319,0.9142234023,0.9127984317,0.9121871658,0.9113975361,0.9112678622,0.9109318879,0.9107918899,0.910719056,0.9106094052,0.9105998105,0.9106324086,0.9106577244,0.9105722539,0.9105681708,0.9104999494,0.9104878422,0.9105000789,0.9104855232
jaccard,100,0.984292149,0.9339921326,0.9230356454,0.916795094,0.9142227396,0.912797872,0.9121866888,0.9113970802,0.9112674079,0.9109313946,0.9107913904,0.9107185972,0.9106089625,0.9105993877,0.9106320015,0.910657325,0.9105718594,0.910567774,0.9104995675,0.9104874615,0.9104996937,0.9104851345
mad,1,1.0117776204,0.9533384663,0.9405567196,0.9306764275,0.9269041142,0.9255106154,0.9247770245,0.9239984002,0.923399039,0.9230432153,0.9226646425,0.9224258569,0.9222600516,0.9220563195,0.9219678127,0.9218896837,0.9218998772,0.9218689128,0.9218673262,0.9218592194,0.9218156167,0.9218628721
mad,3,0.9692684578,0.9348776837,0.926595272,0.9208655112,0.9189935106,0.9181995853,0.9178929696,0.9173944438,0.9169859397,0.9168188328,0.916458171,0.9163360371,0.9163407697,0.9162433842,0.9162532965,0.9161917422,0.9162353758,0.9161917651,0.9161536849,0.9161740102,0.9161757229,0.9161910963
mad,5,0.964266652,0.9328292875,0.9253656854,0.9201909498,0.9185193695,0.9178148306,0.9175642831,0.917136302,0.9167595131,0.9166118121,0.916274632,0.9161935014,0.9162054998,0.9161411061,0.9161453458,0.9160835484,0.9161203927,0.9160815527,0.9160525266,0.9160674799,0.9160748865,0.9161016517
mad,10,0.9616421404,0.9316856038,0.9244109281,0.9194240162,0.9177890907,0.9171476778,0.9168636313,0.9164193543,0.9160696601,0.9159549232,0.9156184161,0.9155317941,0.9155356246,0.9154816614,0.9154889315,0.9154423972,0.9154765716,0.9154398786,0.915408981,0.9154168513,0.9154267053,0.9154600239
mad,15,0.9612052424,0.9314541148,0.9242719172,0.9194427277,0.9178351241,0.9172055943,0.9169199522,0.9164832595,0.9161283777,0.9160187325,0.9156807454,0.9156014076,0.9156053425,0.9155471738,0.9155518623,0.9155078734,0.9155413616,0.9155069357,0.9154758881,0.9154802122,0.9154887739,0.915521002
mad,20,0.9611233988,0.9313589527,0.9242478246,0.919440829,0.9178291752,0.9171772183,0.9169001516,0.9164595747,0.9160982596,0.9159886091,0.9156537828,0.9155743043,0.9155773445,0.9155175767,0.9155228081,0.9154785879,0.9155137448,0.9154785701,0.9154483668,0.915451535,0.9154601762,0.9154919076
mad,25,0.96105131,0.9313121268,0.9242429878,0.919446319,0.9178321219,0.9171810506,0.916902459,0.9164603492,0.9160986835,0.9159897877,0.9156545279,0.9155757881,0.9155799362,0.9155191155,0.9155257759,0.9154822269,0.915517523,0.9154820342,0.9154520377,0.9154545244,0.9154634058,0.9154950817
mad,30,0.9610712038,0.9312405735,0.9241943483,0.9193949617,0.91777585,0.9171244655,0.9168443025,0.9163994776,0.9160361842,0.915927229,0.91559102,0.9155149032,0.9155198492,0.9154587439,0.9154664882,0.9154226378,0.9154579953,0.9154223411,0.9153920707,0.9153944115,0.9154034449,0.9154349339
mad,35,0.9611222551,0.9312765501,0.924222892,0.9194299953,0.9178138885,0.9171644279,0.9168870424,0.9164436841,0.9160779477,0.9159686401,0.9156317942,0.9155553954,0.9155614689,0.9155006883,0.9155091145,0.9154647197,0.915499651,0.9154635903,0.9154333361,0.9154356419,0.9154445137,0.9154760802
mad,40,0.961147622,0.9312993632,0.9242506722,0.919453037,0.9178329722,0.9171855472,0.9169077291,0.9164648745,0.9160986836,0.9159882996,0.9156511926,0.915574902,0.9155812905,0.9155208542,0.9155298114,0.9154852111,0.9155200382,0.915483968,0.9154537015,0.9154559505,0.9154647572,0.9154963411
mad,45,0.9611622544,0.9313023417,0.9242514743,0.9194644476,0.9178436493,0.9171980161,0.9169207795,0.916477809,0.9161113775,0.916001194,0.9156639584,0.9155874645,0.915593816,0.9155337342,0.9155427799,0.9154978583,0.9155326336,0.9154964666,0.9154661077,0.915468256,0.9154770674,0.9155085656
mad,50,0.9612029144,0.9313335518,0.9242720152,0.9194816568,0.9178626561,0.9172179366,0.9169414007,0.9164974332,0.916131653,0.9160215873,0.9156841664,0.9156074233,0.9156139889,0.9155542157,0.9155634155,0.9155184455,0.9155532373,0.915517099,0.9154867966,0.9154890358,0.9154978229,0.915529346
mad,55,0.961212602,0.9313423111,0.9242781123,0.9194901927,0.9178685395,0.9172241909,0.9169475196,0.9165034517,0.9161376004,0.9160274485,0.9156904913,0.9156136628,0.9156199912,0.9155602122,0.9155696378,0.9155247272,0.9155595393,0.9155233284,0.9154929859,0.9154952271,0.9155039541,0.9155354607
mad,60,0.9612178968,0.9313442933,0.9242853007,0.9194988543,0.9178776183,0.9172331416,0.9169561888,0.9165121518,0.9161463398,0.9160363309,0.9156996015,0.915622714,0.9156290639,0.9155693938,0.9155787087,0.9155337719,0.9155685705,0.9155323797,0.9155019757,0.9155041856,0.9155129452,0.9155444496
mad,65,0.9612203066,0.9313452202,0.9242838956,0.9194993096,0.9178782016,0.9172342048,0.9169569526,0.9165129706,0.9161472628,0.9160373667,0.9157006203,0.9156238261,0.9156302473,0.915570438,0.9155798286,0.9155348529,0.91556963,0.9155334384,0.9155030607,0.9155052806,0.9155140531,0.9155455667
mad,70,0.9612110023,0.9313516109,0.9242898702,0.9195051585,0.9178838756,0.9172396532,0.9169629145,0.9165192287,0.9161539901,0.9160439202,0.9157072107,0.9156302461,0.9156367598,0.9155768869,0.915586223,0.9155412947,0.9155760703,0.9155398847,0.9155095582,0.9155117878,0.9155205572,0.9155520778
mad,75,0.9612087992,0.9313537395,0.9242957178,0.9195107793,0.9178899243,0.9172458347,0.9169690307,0.9165252423,0.9161598124,0.9160498504,0.915712907,0.9156359889,0.915642512,0.9155826628,0.9155920127,0.9155471068,0.9155818879,0.9155457354,0.9155154607,0.9155176707,0.915526419,0.9155579425
mad,80,0.9611944807,0.9313339165,0.9242808968,0.919500785,0.9178817601,0.9172377848,0.9169610469,0.9165175791,0.9161521515,0.9160423606,0.9157053642,0.9156284447,0.9156349892,0.9155751688,0.9155844956,0.915539526,0.9155743399,0.9155382171,0.9155079398,0.9155101449,0.9155188955,0.9155504236
mad,85,0.9611982443,0.931335921,0.9242792885,0.9195012148,0.917881259,0.9172382044,0.9169612862,0.9165176724,0.9161523266,0.916042644,0.9157056122,0.9156286848,0.9156351982,0.9155753508,0.9155846641,0.9155397601,0.9155745663,0.915538429,0.9155081478,0.9155103607,0.9155191092,0.9155506386
mad,90,0.9611939655,0.9313348533,0.9242807823,0.919505558,0.9178858975,0.9172429433,0.9169657815,0.916522359,0.9161571224,0.9160474633,0.9157103173,0.915633391,0.9156398591,0.9155799796,0.9155892774,0.9155444033,0.9155792064,0.9155430644,0.9155127645,0.9155149742,0.9155237251,0.9155552508
mad,95,0.9611898586,0.9313292007,0.9242773272,0.9195044902,0.9178836473,0.9172411247,0.9169637335,0.9165206944,0.9161555331,0.9160460479,0.9157088528,0.9156319394,0.9156384621,0.9155786018,0.9155878887,0.9155430363,0.9155778436,0.9155417177,0.9155114279,0.9155136365,0.9155223863,0.9155539148
mad,100,0.9611966884,0.9313309278,0.9242802382,0.9195083323,0.9178869106,0.9172442131,0.9169668171,0.9165237915,0.9161585733,0.9160491989,0.9157119294,0.9156350617,0.9156415547,0.9155816428,0.9155909186,0.915546081,0.9155808692,0.9155447516,0.9155144539,0.9155166592,0.9155254227,0.9155569526
msd,1,1.013251891,0.9538533164,0.9404567081,0.9303331186,0.9267358157,0.9254306037,0.9247812285,0.9241115564,0.9235508926,0.9231395548,0.922855761,0.9226527979,0.9225436595,0.9223674203,0.9223403731,0.922256747,0.9223190481,0.9222975807,0.9223905177,0.9223378402,0.92235913,0.9223946049
msd,3,0.9720670187,0.9355695605,0.9270710952,0.9211726242,0.9194350019,0.9185392325,0.918332691,0.9177949483,0.9172926726,0.9170807201,0.9167829322,0.9166905555,0.916683257,0.9165557938,0.9165854332,0.916515424,0.9165993252,0.9165215238,0.9165955379,0.916565627,0.9165597452,0.9165926878
msd,5,0.9676602938,0.9341170742,0.926181083,0.9204961336,0.9189324453,0.9181403621,0.9179379845,0.9174602458,0.9170025555,0.9168382757,0.916550737,0.9164791207,0.9164990045,0.9163926304,0.9164257399,0.9163574249,0.9164351634,0.9163651458,0.9164392117,0.9164192423,0.9164192308,0.9164522032
msd,10,0.9651712297,0.9330184756,0.925374581,0.9200552854,0.9185214559,0.91778314,0.9175556014,0.9170620233,0.9166178555,0.9164776266,0.9162175372,0.9161437617,0.916160978,0.9160661505,0.9160945625,0.9160313555,0.9161041381,0.9160351232,0.9161075114,0.9160834239,0.9160818198,0.9161201411
msd,15,0.9648603682,0.9328282029,0.9252603638,0.9199902716,0.9184714508,0.9177320184,0.9175016657,0.917002601,0.9165645802,0.9164153363,0.9161555051,0.916085385,0.9161008278,0.9160053843,0.9160326544,0.9159693647,0.9160425392,0.9159727709,0.9160448499,0.9160189641,0.9160171547,0.916055345
msd,20,0.9647224765,0.9327280772,0.9252468771,0.9199920527,0.918463706,0.9177179554,0.9174865316,0.9169867159,0.9165413227,0.9163926487,0.9161351297,0.9160666815,0.9160809161,0.9159849722,0.916011904,0.91594947,0.91602351,0.9159539212,0.9160261128,0.915999874,0.9159981731,0.9160360417
msd,25,0.9646345604,0.9326913293,0.9252271225,0.9199628913,0.9184269244,0.9176830928,0.9174520761,0.9169512782,0.9165031699,0.9163548882,0.9160994587,0.9160328544,0.9160476002,0.9159518846,0.9159796164,0.9159170377,0.9159915798,0.9159216892,0.915993619,0.9159669921,0.9159655124,0.9160031839
msd,30,0.9646953698,0.9326714142,0.9252347047,0.9199875125,0.918450741,0.9177073407,0.9174757634,0.9169743451,0.9165258802,0.9163766285,0.9161210204,0.9160553266,0.9160704087,0.9159748436,0.9160024838,0.9159397202,0.9160140791,0.9159440809,0.916015944,0.9159894872,0.9159877598,0.916025322
msd,35,0.9647106728,0.9326797492,0.9252379802,0.9199951208,0.9184597055,0.91771631,0.9174861247,0.9169858668,0.9165363357,0.9163864004,0.9161308907,0.916065136,0.9160803474,0.9159853068,0.9160131821,0.9159502929,0.9160244885,0.9159544012,0.9160261324,0.915999526,0.9159977422,0.9160353183
msd,40,0.9647413198,0.9326904521,0.9252566368,0.9200118644,0.9184771366,0.9177355462,0.9175054115,0.9170058464,0.9165563396,0.9164056573,0.9161502836,0.9160846636,0.9160999849,0.916005076,0.9160332312,0.9159702966,0.916044329,0.9159742391,0.916045945,0.9160193149,0.916017477,0.9160550623
msd,45,0.9647652171,0.9326987054,0.9252586261,0.9200150766,0.9184777603,0.9177358391,0.917506512,0.9170069522,0.9165575893,0.9164074122,0.916152091,0.9160866374,0.9161022089,0.9160074129,0.916035752,0.9159727433,0.916046826,0.9159767538,0.9160485076,0.9160218589,0.916020034,0.9160576005
msd,50,0.9647648,0.9327072077,0.9252563159,0.9200182251,0.9184805547,0.9177383935,0.9175101324,0.9170102148,0.9165610423,0.9164108302,0.9161555773,0.9160899162,0.9161056057,0.9160110145,0.9160393256,0.9159762879,0.9160504301,0.915980369,0.9160521349,0.9160254853,0.9160236294,0.9160612126
msd,55,0.9647674878,0.932702306,0.925259818,0.9200229718,0.9184862076,0.917744267,0.9175149904,0.917014648,0.9165655554,0.9164153856,0.9161603411,0.9160947069,0.9161103108,0.9160157167,0.9160440995,0.9159810759,0.9160551893,0.9159851264,0.9160568543,0.9160302087,0.9160283398,0.9160659134
msd,60,0.9647624824,0.9326979946,0.9252610014,0.9200243418,0.9184877712,0.9177457528,0.9175165646,0.9170165849,0.916567561,0.9164172681,0.9161623057,0.9160966684,0.9161123551,0.9160177073,0.9160461602,0.9159830831,0.9160571951,0.9159871335,0.9160588595,0.9160321958,0.916030334,0.9160679175
msd,65,0.9647555433,0.9327016112,0.9252612231,0.9200264659,0.9184888515,0.9177468551,0.9175179348,0.9170179854,0.9165695088,0.9164186452,0.9161636384,0.9160979656,0.9161136651,0.9160189383,0.9160473853,0.9159843582,0.9160584606,0.9159884044,0.9160601196,0.9160334583,0.9160315874,0.9160691675
msd,70,0.9647600224,0.9327018664,0.925262965,0.9200289062,0.9184911574,0.9177495041,0.9175207681,0.9170208696,0.9165722484,0.9164215585,0.9161665565,0.9161008438,0.9161165607,0.9160218673,0.91605029,0.9159872679,0.9160613762,0.9159913115,0.9160630271,0.9160363649,0.9160344908,0.9160720695
msd,75,0.9647594295,0.9326991849,0.9252602746,0.9200274838,0.9184893409,0.917748609,0.9175198589,0.9170199035,0.9165717382,0.9164207989,0.9161657383,0.91610004,0.9161157375,0.9160210596,0.9160494576,0.9159864151,0.9160605123,0.9159904472,0.9160621801,0.9160355153,0.916033635,0.9160712144
msd,80,0.9647579214,0.9326970749,0.9252604374,0.9200298723,0.9184918379,0.9177511342,0.9175221785,0.9170224877,0.9165745993,0.9164237171,0.9161685492,0.9161028493,0.9161185859,0.9160239479,0.9160522872,0.9159892425,0.916063344,0.9159932797,0.9160650115,0.916038344,0.9160364607,0.9160740384
msd,85,0.9647515146,0.9326914199,0.9252579681,0.9200279613,0.9184892189,0.917748871,0.9175200762,0.9170203628,0.9165725444,0.91642168,0.9161664093,0.916100712,0.9161164482,0.9160217832,0.9160501299,0.9159871051,0.9160612053,0.9159911394,0.9160628685,0.9160362026,0.916034322,0.9160719002
msd,90,0.9647445351,0.9326910126,0.9252586993,0.9200292009,0.9184904895,0.9177505387,0.9175216265,0.9170220314,0.9165738848,0.9164231638,0.9161680726,0.9161023813,0.9161181117,0.9160234364,0.9160518008,0.9159887729,0.9160628708,0.9159928035,0.9160645337,0.9160378695,0.9160359905,0.9160735696
msd,95,0.9647486753,0.9326906687,0.9252575548,0.920028938,0.9184901497,0.9177502971,0.91752114,0.9170215461,0.9165733376,0.9164227199,0.9161675783,0.9161018726,0.9161176107,0.9160229146,0.9160512802,0.9159882372,0.9160623323,0.9159922681,0.9160639955,0.9160373276,0.9160354483,0.916073029
msd,100,0.9647484984,0.9326878116,0.9252550676,0.9200270176,0.9184877627,0.9177480886,0.9175190985,0.917019475,0.9165712955,0.9164207162,0.9161655691,0.9160998833,0.9161156251,0.9160209191,0.9160492904,0.9159862464,0.9160603402,0.9159902799,0.9160620083,0.9160353414,0.9160334622,0.9160710438
modified_adjusted_cosine,1,1.0278537992,0.964947992,0.9485163697,0.9387585765,0.9357867194,0.9337531585,0.9324047519,0.9317073509,0.9312337858,0.9307011673,0.9305135022,0.9302607697,0.930268764,0.9301866385,0.9300563233,0.9300802571,0.9300788114,0.9300753671,0.9299472759,0.9298852332,0.9298513295,0.9298169015
modified_adjusted_cosine,3,1.016094111,0.9572392467,0.9434918324,0.9344656801,0.9317654994,0.9298774606,0.9286680328,0.9280877999,0.9275895584,0.9271067787,0.9269899532,0.9268150792,0.9268327782,0.9267321336,0.926632371,0.9266513837,0.9266424846,0.926629669,0.9265335655,0.9264840679,0.9264504263,0.9264395337
modified_adjusted_cosine,5,1.0151099072,0.9569224926,0.9433661563,0.9343196244,0.9316500666,0.9297850171,0.9286006576,0.9280157862,0.9275278215,0.9270380957,0.9269264906,0.9267487719,0.9267710131,0.9266691597,0.9265722244,0.9265919565,0.9265895328,0.9265760519,0.9264789312,0.9264324784,0.9264017111,0.9263919726
modified_adjusted_cosine,10,1.014596156,0.9567540644,0.943261088,0.9342567964,0.9315778787,0.9297177915,0.9285363636,0.9279728091,0.9274848537,0.9269928976,0.9268754403,0.9267008903,0.9267210431,0.9266196498,0.9265244978,0.9265444245,0.9265404133,0.9265265201,0.9264284419,0.9263833554,0.9263523319,0.926341976
modified_adjusted_cosine,15,1.0145482269,0.9567472774,0.9432765134,0.9342864501,0.9316157713,0.9297544074,0.9285725914,0.9280112756,0.9275261611,0.9270322232,0.9269136584,0.9267387402,0.9267588246,0.9266576776,0.9265619909,0.9265817262,0.926577848,0.9265641099,0.9264657009,0.9264206016,0.9263899186,0.9263793531
modified_adjusted_cosine,20,1.014547755,0.9567558717,0.943287897,0.9342986785,0.9316257864,0.9297635902,0.9285832094,0.9280228339,0.9275381119,0.9270442333,0.926925519,0.9267514643,0.9267704979,0.9266690374,0.9265739311,0.9265940625,0.9265903353,0.9265766642,0.9264784578,0.9264332239,0.9264026227,0.926391935
modified_adjusted_cosine,25,1.0145649436,0.9567777098,0.943308522,0.9343277692,0.9316568919,0.9297960768,0.9286146152,0.9280535848,0.9275694858,0.9270757684,0.9269570222,0.9267830672,0.926802284,0.926701009,0.9266058816,0.9266260935,0.9266223694,0.9266087171,0.9265105752,0.9264653571,0.9264347376,0.9264240323
modified_adjusted_cosine,30,1.014539638,0.9567657457,0.9432968585,0.9343166241,0.9316456752,0.9297854645,0.9286038393,0.9280427353,0.9275585714,0.9270645965,0.9269458326,0.9267719075,0.9267911404,0.926689786,0.9265945574,0.9266149247,0.9266112474,0.9265976532,0.9264995214,0.9264543474,0.9264237142,0.9264129702
modified_adjusted_cosine,35,1.0145346744,0.9567811289,0.943305862,0.9343265714,0.9316550309,0.9297946666,0.9286132139,0.928051994,0.9275678232,0.9270738342,0.9269551125,0.9267813224,0.9268005718,0.9266992482,0.9266040436,0.9266244771,0.9266208311,0.9266072743,0.9265091306,0.9264639563,0.9264333287,0.9264225675
modified_adjusted_cosine,40,1.0145333794,0.956783892,0.9433065913,0.934327132,0.9316552421,0.9297947697,0.9286134975,0.9280520496,0.9275680115,0.9270740714,0.9269554119,0.9267816291,0.9268008653,0.9266995347,0.9266043066,0.9266247637,0.9266211406,0.9266075882,0.9265094477,0.9264642697,0.9264336591,0.9264229088
modified_adjusted_cosine,45,1.014534289,0.9567888159,0.9433099139,0.934330352,0.9316586327,0.9297980381,0.9286168413,0.9280551444,0.927571162,0.9270772981,0.9269586491,0.9267848153,0.9268040627,0.9267027408,0.9266075424,0.9266280175,0.9266243901,0.9266108324,0.9265126798,0.9264675141,0.9264368985,0.9264261595
modified_adjusted_cosine,50,1.0145353215,0.9567929973,0.9433132043,0.9343332219,0.9316613365,0.9298006014,0.928619376,0.9280576197,0.9275736428,0.9270797285,0.9269610972,0.9267872968,0.9268065389,0.9267052314,0.9266100288,0.9266305192,0.9266268941,0.9266133355,0.9265151931,0.9264700297,0.9264394136,0.9264286775
modified_adjusted_cosine,55,1.0145297155,0.956791737,0.9433129383,0.9343324554,0.9316603881,0.9297996366,0.9286184502,0.9280567096,0.9275727426,0.9270788053,0.9269601665,0.9267863493,0.9268055978,0.9267042939,0.9266090861,0.9266295682,0.9266259501,0.9266123999,0.9265142628,0.9264691083,0.9264384877,0.9264277534
modified_adjusted_cosine,60,1.0145261724,0.9567902624,0.9433111611,0.9343308385,0.9316587202,0.9297979663,0.9286168129,0.9280550669,0.9275711097,0.927077184,0.9269585311,0.9267847273,0.9268039806,0.9267026805,0.9266074816,0.9266279769,0.9266243606,0.9266108031,0.9265126717,0.9264675161,0.9264368961,0.9264261636
modified_adjusted_cosine,65,1.0145222818,0.9567874971,0.9433084344,0.9343285,0.9316567223,0.9297960398,0.9286149361,0.9280531561,0.9275691781,0.927075255,0.9269565899,0.926782796,0.9268020467,0.9267007502,0.9266055533,0.9266260543,0.9266224374,0.9266088778,0.9265107464,0.9264655921,0.9264349723,0.9264242411
modified_adjusted_cosine,70,1.0145206346,0.956786441,0.9433075621,0.9343275628,0.9316558426,0.9297949724,0.9286139305,0.9280521564,0.927568167,0.9270742319,0.9269555608,0.9267817697,0.9268010176,0.9266997192,0.9266045196,0.9266250226,0.9266214061,0.9266078464,0.9265097148,0.9264645595,0.9264339395,0.926423208
modified_adjusted_cosine,75,1.0145202887,0.9567869543,0.9433076551,0.9343273996,0.9316557182,0.9297948068,0.928613771,0.9280520021,0.927568023,0.9270740867,0.9269554123,0.9267816214,0.9268008692,0.9266995695,0.9266043692,0.9266248736,0.9266212582,0.9266076986,0.926509567,0.9264644122,0.9264337923,0.9264230612
modified_adjusted_cosine,80,1.0145200428,0.9567873167,0.9433079723,0.9343275142,0.9316559357,0.9297950096,0.9286139802,0.9280522024,0.9275682171,0.9270742842,0.9269556024,0.9267818059,0.9268010515,0.926699753,0.9266045532,0.9266250575,0.9266214425,0.9266078819,0.9265097504,0.9264645967,0.9264339768,0.9264232456
modified_adjusted_cosine,85,1.0145196137,0.9567878316,0.9433083886,0.9343279013,0.9316562955,0.9297953583,0.9286143343,0.928052565,0.927568584,0.9270746465,0.9269559605,0.9267821648,0.9268014113,0.926700113,0.9266049135,0.9266254179,0.9266218028,0.9266082423,0.9265101107,0.9264649574,0.9264343375,0.9264236062
modified_adjusted_cosine,90,1.0145196728,0.9567878012,0.9433085545,0.9343280171,0.9316564194,0.92979547,0.928614436,0.92805267,0.9275686827,0.9270747452,0.926956054,0.9267822575,0.9268015048,0.9267002068,0.9266050068,0.9266255109,0.9266218959,0.9266083356,0.9265102041,0.9264650511,0.9264344312,0.9264236999
modified_adjusted_cosine,95,1.0145194568,0.9567878564,0.9433086954,0.9343281204,0.9316565294,0.9297955635,0.9286145441,0.928052775,0.9275687868,0.9270748493,0.9269561584,0.9267823626,0.9268016096,0.9267003111,0.9266051107,0.9266256149,0.9266219999,0.9266084396,0.9265103081,0.9264651553,0.9264345354,0.9264238042
modified_adjusted_cosine,100,1.0145187882,0.9567880105,0.9433087746,0.9343282029,0.9316566231,0.9297956289,0.9286146121,0.9280528464,0.927568852,0.9270749111,0.9269562182,0.926782423,0.9268016699,0.9267003716,0.9266051711,0.9266256753,0.9266220603,0.9266085,0.9265103685,0.9264652159,0.926434596,0.9264238648
modified_cosine,1,1.0018002609,0.9467817563,0.9360900961,0.9246806655,0.9209356465,0.9182601758,0.9169271211,0.9160242896,0.9154654993,0.9148756441,0.9142977336,0.9139689579,0.9137613958,0.9133374544,0.9130317868,0.9126073545,0.912248474,0.9121469805,0.9118127648,0.9115047816,0.9113035434,0.9111459431
modified_cosine,3,0.9656936991,0.9317900755,0.9243901758,0.9170404929,0.9146258044,0.912659615,0.9121647881,0.9118779618,0.9114983368,0.9109551772,0.9106114766,0.9104355756,0.9102474991,0.9101723403,0.9099522894,0.9096042637,0.9094303011,0.9094277018,0.9092400908,0.9090616226,0.9089936821,0.9089525549
modified_cosine,5,0.9611579074,0.9301093365,0.9234352779,0.9169804068,0.9146282247,0.9128967567,0.912541028,0.9122114545,0.9118725404,0.9113599358,0.9110473566,0.9109089333,0.910716168,0.9106262462,0.9104378169,0.9101228929,0.9099621829,0.9099645249,0.9097863827,0.9096148234,0.909575196,0.9095322072
modified_cosine,10,0.959247144,0.9292003281,0.9228767881,0.9163357885,0.9144710658,0.9129027053,0.9126027629,0.9122638894,0.9119382354,0.9114604138,0.9111437431,0.9110187613,0.9108401781,0.9107707651,0.9105912926,0.9103271305,0.9101804029,0.9101923359,0.9100073808,0.9098410513,0.9098151343,0.9097867039
modified_cosine,15,0.9585992029,0.928841522,0.9225058356,0.9160403764,0.914324277,0.912788095,0.9125176363,0.91220916,0.911904997,0.9114479075,0.9111345564,0.9110314028,0.9108625148,0.9107836354,0.9106100728,0.9103424445,0.9101982384,0.9102093896,0.9100252726,0.9098547854,0.9098313422,0.9098046778
modified_cosine,20,0.9582009485,0.9285704735,0.9223555672,0.9160099068,0.914299656,0.9128000924,0.9125274613,0.9122427597,0.9119440432,0.9114827618,0.9111557807,0.9110553143,0.9108862761,0.9108138053,0.9106454587,0.9103786091,0.9102307703,0.9102397791,0.9100538279,0.9098842034,0.9098595085,0.9098337583
modified_cosine,25,0.9582626613,0.9284365862,0.9222174328,0.9159499129,0.9142188038,0.9127282238,0.9124539978,0.9121630728,0.9118652168,0.9114031225,0.9110759206,0.9109764588,0.9108085243,0.910734038,0.9105652995,0.9103015614,0.9101512607,0.9101571034,0.9099717115,0.9098026097,0.9097782233,0.9097536427
modified_cosine,30,0.9582763864,0.9284159068,0.9221705908,0.9158903235,0.9141535302,0.9126779508,0.9124121789,0.9121312373,0.911833784,0.9113789282,0.9110477764,0.9109487596,0.9107793689,0.9107038876,0.9105371628,0.9102722571,0.9101210791,0.9101257863,0.9099407743,0.9097724397,0.9097482974,0.9097236398
modified_cosine,35,0.9582993287,0.9284543161,0.9222002085,0.9159111473,0.9141687791,0.9126918161,0.9124281158,0.9121542796,0.9118543034,0.911397551,0.9110644357,0.9109625894,0.9107919392,0.9107160258,0.910548891,0.9102857463,0.910134769,0.9101397678,0.909954373,0.9097860198,0.9097626568,0.9097381426
modified_cosine,40,0.9583731499,0.9284543145,0.9221684428,0.9159117842,0.9141753478,0.9127037337,0.9124328738,0.9121588259,0.9118597097,0.911406713,0.9110746697,0.9109728198,0.9108020389,0.9107268948,0.910559164,0.9102984434,0.9101481412,0.9101537576,0.9099690816,0.9097999324,0.9097764179,0.9097520357
modified_cosine,45,0.9584147032,0.928491326,0.9222163312,0.9159360001,0.91420227,0.9127318517,0.9124616792,0.9121882689,0.9118884568,0.9114342785,0.911101309,0.9110003611,0.910829803,0.9107535235,0.9105863954,0.9103265182,0.9101764246,0.910181781,0.9099965671,0.9098279966,0.9098045703,0.9097802664
modified_cosine,50,0.9584538749,0.9285124534,0.9222396777,0.9159708406,0.9142463525,0.9127722321,0.9125072439,0.912230076,0.9119301082,0.9114746729,0.9111421094,0.9110398853,0.9108699289,0.9107943883,0.9106276539,0.9103679273,0.910218056,0.9102234388,0.9100382411,0.909869346,0.9098455632,0.9098214654
modified_cosine,55,0.9584475966,0.9285410872,0.9222661042,0.9159901114,0.9142705368,0.9128010444,0.9125369149,0.9122588429,0.9119614582,0.9115064709,0.9111740342,0.9110712626,0.9109019033,0.9108260443,0.9106594039,0.9104000693,0.9102507624,0.9102561605,0.910071039,0.9099022382,0.909878969,0.9098545877
modified_cosine,60,0.9584077299,0.9285421767,0.9222594419,0.9159738107,0.9142573646,0.9127875607,0.912524206,0.9122452184,0.9119488639,0.9114940134,0.9111621483,0.9110602552,0.9108912537,0.9108146862,0.9106480873,0.9103887912,0.9102404431,0.9102459478,0.9100603487,0.9098915418,0.9098680685,0.9098435408
modified_cosine,65,0.9584263458,0.9285574783,0.9222738177,0.9159801584,0.9142651754,0.9127954069,0.9125268749,0.9122471286,0.911952012,0.9114974687,0.9111655291,0.9110641352,0.9108953909,0.9108192394,0.9106528676,0.9103938618,0.9102453919,0.9102509947,0.9100653532,0.9098964498,0.9098729688,0.9098483638
modified_cosine,70,0.9584270437,0.9285582201,0.9222814644,0.9159878199,0.914274222,0.9128032169,0.9125329632,0.9122534629,0.9119596265,0.9115059366,0.9111734415,0.9110718469,0.910902906,0.9108270816,0.9106609544,0.9104018343,0.910253537,0.9102591532,0.9100734065,0.9099044299,0.9098809688,0.9098563381
modified_cosine,75,0.9584364649,0.9285593884,0.9222831094,0.9159916704,0.9142827724,0.9128129252,0.9125400223,0.9122611094,0.9119663274,0.9115134089,0.9111812254,0.9110797089,0.9109105832,0.910834409,0.9106684191,0.910408912,0.9102606537,0.910266218,0.9100804583,0.9099114901,0.9098880813,0.9098635724
modified_cosine,80,0.9584126189,0.9285503469,0.9222721841,0.9159805439,0.9142684976,0.91279795,0.9125243512,0.9122453825,0.9119514005,0.9114986033,0.9111662575,0.9110645813,0.9108956056,0.9108194955,0.9106533792,0.9103939741,0.9102457773,0.9102514288,0.9100656409,0.9098966981,0.9098732934,0.9098487546
modified_cosine,85,0.9584028402,0.9285461935,0.9222685218,0.9159802557,0.9142715944,0.9128014136,0.9125270422,0.9122493135,0.9119558726,0.9115034241,0.911171085,0.9110694922,0.9109002693,0.9108242308,0.910657987,0.9103985334,0.9102503038,0.9102560461,0.9100702905,0.9099012763,0.9098777786,0.9098531909
modified_cosine,90,0.9584009337,0.9285395697,0.9222612805,0.9159749711,0.9142657146,0.912793822,0.9125187254,0.9122403471,0.9119467081,0.9114944311,0.9111621433,0.9110604045,0.9108911462,0.9108152872,0.9106491218,0.9103897504,0.9102415267,0.9102472104,0.9100614349,0.9098923781,0.9098689071,0.9098443346
modified_cosine,95,0.9584174863,0.9285331134,0.9222505684,0.9159671251,0.9142596855,0.9127873265,0.912511373,0.9122325485,0.9119389197,0.9114864381,0.911154245,0.9110523519,0.9108832211,0.9108073691,0.9106411296,0.9103817645,0.9102335907,0.9102392398,0.9100534157,0.9098843668,0.9098608741,0.9098362938
modified_cosine,100,0.9584261163,0.9285384407,0.9222529189,0.915974331,0.9142669899,0.9127946345,0.9125173094,0.9122389857,0.9119452062,0.9114926522,0.9111605788,0.9110586431,0.9108893217,0.9108135461,0.9106471763,0.9103877444,0.9102396178,0.9102452315,0.9100594516,0.9098904314,0.9098669438,0.9098423926
modified_pearson_1,1,1.145315122,1.0531457367,1.0323914394,1.0204377342,1.0170837054,1.0157125221,1.0149096232,1.0144155559,1.0140211965,1.0138108564,1.0136955603,1.013775976,1.0136783846,1.0135711195,1.0134958245,1.013438705,1.0133892381,1.0133301783,1.0133056726,1.0132797392,1.0132421137,1.0132051123
modified_pearson_1,3,1.0798456529,1.0222760855,1.0079823206,1.0003727255,0.998474343,0.997400221,0.9968568816,0.9966095879,0.9963775354,0.9962527666,0.9961430949,0.9962239256,0.9961721722,0.9961251901,0.9960630029,0.9960143027,0.9959733935,0.9959415145,0.9958983304,0.9958507819,0.9958220496,0.9957797171
modified_pearson_1,5,1.0719420505,1.0178829239,1.0050336317,0.9981577977,0.9962414461,0.9952818378,0.9947596012,0.994528877,0.9942933045,0.9941693562,0.9940793694,0.9941739666,0.9941231223,0.9940753853,0.9940159727,0.9939727614,0.9939413584,0.9939160886,0.9938728949,0.9938280841,0.993800329,0.9937601203
modified_pearson_1,10,1.0673505704,1.0161965321,1.0035613801,0.9969791462,0.9951361659,0.9942313525,0.9937086597,0.99347236,0.9932433586,0.9931145728,0.9930394441,0.9931393516,0.9930973528,0.9930520098,0.9929910593,0.9929568072,0.9929287375,0.9929017085,0.9928603377,0.9928173326,0.9927899172,0.9927503276
modified_pearson_1,15,1.0667182568,1.0161591802,1.0036649525,0.9971423356,0.9953047724,0.9944039878,0.9938821413,0.9936532944,0.9934317172,0.9933003516,0.9932265749,0.9933276397,0.9932870636,0.993244167,0.9931828474,0.9931509504,0.9931212806,0.993095615,0.9930543402,0.9930117747,0.9929851783,0.9929452481
modified_pearson_1,20,1.0665901824,1.016207594,1.0037770636,0.997249907,0.9954250835,0.9945132318,0.9939891821,0.9937591591,0.9935373408,0.9934027673,0.9933324285,0.9934337407,0.9933932615,0.9933509739,0.993289529,0.9932573592,0.9932270858,0.9932018031,0.9931602795,0.9931175616,0.9930908776,0.9930507948
modified_pearson_1,25,1.0665971368,1.0162342208,1.003827853,0.9972797718,0.9954639944,0.9945491227,0.9940242647,0.9937966139,0.9935737026,0.9934380592,0.9933675288,0.9934690464,0.9934282619,0.9933855469,0.9933236838,0.9932914762,0.9932613194,0.9932359429,0.9931945007,0.9931517748,0.9931250367,0.9930849855
modified_pearson_1,30,1.0666652762,1.0163117722,1.0039355314,0.9973649186,0.9955480981,0.9946309684,0.9941051623,0.9938773637,0.9936554033,0.9935199596,0.9934491869,0.9935507687,0.9935099973,0.9934672136,0.9934055355,0.9933732029,0.9933429981,0.9933175682,0.9932760758,0.9932333263,0.9932065992,0.9931665568
modified_pearson_1,35,1.0666438275,1.0162975405,1.0039248476,0.9973522503,0.9955397139,0.9946230119,0.9940979593,0.9938702285,0.9936480023,0.9935122747,0.9934413301,0.9935431661,0.993502269,0.993459545,0.9933979171,0.9933654413,0.9933352178,0.9933098317,0.9932683385,0.9932255898,0.9931988589,0.9931588163
modified_pearson_1,40,1.066641717,1.01627811,1.0039060716,0.9973321095,0.995518708,0.9946035635,0.9940781308,0.9938503036,0.9936281711,0.993492459,0.9934215899,0.9935236273,0.9934826242,0.9934398644,0.9933781566,0.9933456738,0.9933153715,0.9932899796,0.9932485441,0.9932057987,0.9931790675,0.9931390242
modified_pearson_1,45,1.0666633479,1.0162714181,1.0039013983,0.9973275095,0.9955128695,0.994597107,0.9940721597,0.9938438063,0.9936216423,0.9934858984,0.9934150231,0.9935170018,0.9934758887,0.993433076,0.9933713428,0.9933388893,0.9933085618,0.993283165,0.9932417339,0.9931989869,0.9931722555,0.993132212
modified_pearson_1,50,1.0666306959,1.0162647985,1.0038973279,0.9973241109,0.9955097105,0.99459397,0.9940685947,0.993840278,0.9936179179,0.9934821842,0.9934113643,0.9935131324,0.9934720347,0.9934291991,0.9933674412,0.9933350237,0.9933047258,0.9932793143,0.9932378956,0.9931951474,0.9931684161,0.9931283726
modified_pearson_1,55,1.0666407883,1.0162753301,1.0039090825,0.9973329329,0.995516546,0.9946010653,0.9940757629,0.9938473733,0.9936248196,0.9934890343,0.9934183742,0.993520114,0.9934790186,0.9934361724,0.9933744121,0.9933419869,0.993311687,0.9932862735,0.9932448483,0.9932020999,0.9931753686,0.9931353251
modified_pearson_1,60,1.066650314,1.016274267,1.0039086229,0.9973320255,0.9955157338,0.9946000657,0.994074833,0.9938464365,0.9936239355,0.9934881769,0.9934174946,0.9935192107,0.9934781502,0.9934353117,0.9933735531,0.9933411293,0.9933108237,0.9932854095,0.9932439881,0.9932012401,0.9931745088,0.9931344654
modified_pearson_1,65,1.0666414108,1.0162779828,1.0039138529,0.9973390449,0.9955234864,0.9946079058,0.994082766,0.9938544938,0.9936319688,0.9934962129,0.9934254936,0.9935272873,0.9934861933,0.9934433524,0.9933815951,0.9933491703,0.9933188567,0.9932934432,0.9932520219,0.9932092743,0.993182543,0.9931424995
modified_pearson_1,70,1.0666452278,1.0162885243,1.0039224958,0.9973455792,0.995530208,0.99461468,0.9940895575,0.9938613225,0.9936387865,0.993503049,0.993432367,0.9935341823,0.9934930829,0.9934502402,0.9933884819,0.9933560561,0.9933257357,0.9933003222,0.9932589005,0.9932161529,0.9931894215,0.9931493781
modified_pearson_1,75,1.0666444491,1.0162942695,1.0039241172,0.997345424,0.9955298314,0.9946140484,0.9940889325,0.993860744,0.9936382427,0.9935025072,0.9934318322,0.9935336698,0.9934925697,0.9934497274,0.9933879687,0.9933555427,0.9933252086,0.9932997956,0.9932583744,0.9932156269,0.9931888955,0.9931488521
modified_pearson_1,80,1.0666407265,1.0162968252,1.0039259765,0.9973496321,0.9955338517,0.9946181664,0.9940930578,0.9938648596,0.9936423656,0.9935066322,0.9934359583,0.9935377965,0.993496697,0.9934538567,0.9933920984,0.9933596726,0.9933293384,0.9933039254,0.9932625071,0.9932197595,0.9931930282,0.9931529847
modified_pearson_1,85,1.0666354905,1.016294321,1.003921587,0.9973455381,0.9955293471,0.994613584,0.9940885167,0.9938603075,0.9936378105,0.993502077,0.9934314038,0.9935332416,0.9934921424,0.9934493027,0.9933875442,0.9933551184,0.9933247842,0.9932993712,0.993257953,0.9932152054,0.9931884741,0.9931484306
modified_pearson_1,90,1.0666359194,1.0162982663,1.0039266276,0.9973493786,0.9955329546,0.9946171965,0.9940921044,0.9938638993,0.993641398,0.9935056621,0.9934349877,0.9935368253,0.993495726,0.9934528875,0.993391129,0.9933587031,0.993328369,0.9933029561,0.9932615379,0.9932187903,0.9931920589,0.9931520155
modified_pearson_1,95,1.0666418245,1.0163028714,1.0039311555,0.997354416,0.995538199,0.9946224865,0.9940974035,0.9938691999,0.9936466966,0.9935109608,0.9934402865,0.993542124,0.9935010249,0.9934581858,0.9933964274,0.9933640016,0.9933336676,0.9933082546,0.9932668364,0.9932240888,0.9931973575,0.993157314
modified_pearson_1,100,1.0666439566,1.0163063557,1.0039339748,0.997357932,0.9955419188,0.9946262312,0.994101151,0.9938729454,0.99365044,0.9935147033,0.9934440288,0.9935458661,0.9935047669,0.9934619279,0.9934001695,0.9933677437,0.9933374096,0.9933119966,0.9932705784,0.9932278308,0.9932010995,0.993161056
modified_pearson_2,1,1.0218771651,0.9607968812,0.949057464,0.9395831743,0.9358368455,0.9346873989,0.9336600706,0.933318096,0.9329252464,0.9324320293,0.9322842646,0.9320068725,0.9317915438,0.931741424,0.9315493126,0.931477576,0.9314369561,0.9314092589,0.9313278585,0.9312386933,0.9312292139,0.9312515059
modified_pearson_2,3,1.0123855894,0.9573663922,0.9462900129,0.9384046383,0.9350920443,0.9340693906,0.9333384419,0.9329527888,0.932698312,0.9322676134,0.932275812,0.9320603764,0.9318567332,0.9318546864,0.9316705885,0.9315620741,0.9315020828,0.9314431238,0.9313937505,0.9312961696,0.9312745203,0.9313002541
modified_pearson_2,5,1.01115636,0.9567341065,0.9458398085,0.9379871579,0.9347576177,0.9337251725,0.93300492,0.932625326,0.9323747156,0.9319429864,0.9319604519,0.9317555701,0.9315647347,0.9315737072,0.9314033074,0.9312926712,0.9312437063,0.9311920223,0.9311389353,0.9310454732,0.931023759,0.9310492155
modified_pearson_2,10,1.0102208507,0.9563849329,0.94564873,0.9378900586,0.9347125919,0.9336844049,0.9329819057,0.9326027609,0.9323550032,0.9319237694,0.9319375545,0.9317325318,0.9315430273,0.9315514438,0.9313888159,0.9312817505,0.931238075,0.9311871473,0.9311336646,0.9310422267,0.9310195547,0.9310491951
modified_pearson_2,15,1.0102526414,0.9564253793,0.9456867559,0.9379361563,0.9347625906,0.9337387733,0.9330369758,0.9326543643,0.9324078777,0.9319741792,0.9319855533,0.9317804141,0.931592636,0.9316012294,0.9314394104,0.9313319265,0.9312886301,0.9312379936,0.9311848586,0.9310929468,0.9310696421,0.9310990602
modified_pearson_2,20,1.0102452709,0.95644033,0.9457063301,0.9379484507,0.9347757223,0.9337513164,0.9330495788,0.9326665746,0.9324191291,0.9319869741,0.931998603,0.9317925289,0.9316052246,0.9316135884,0.9314513609,0.9313441433,0.9313010216,0.9312506561,0.9311972845,0.9311052429,0.9310814133,0.9311105283
modified_pearson_2,25,1.0102598868,0.956456695,0.9457231973,0.9379642252,0.9347931221,0.9337700579,0.933068493,0.9326866395,0.9324400003,0.9320083367,0.9320200019,0.9318140434,0.9316265496,0.9316350415,0.931473295,0.9313663367,0.9313232411,0.9312731556,0.9312197051,0.9311276077,0.9311037483,0.9311328175
modified_pearson_2,30,1.0102223769,0.9564339471,0.9457041798,0.9379447474,0.9347762754,0.93375489,0.9330537249,0.9326725311,0.9324256881,0.931994204,0.9320061168,0.931800517,0.9316128135,0.9316212089,0.9314596287,0.9313528003,0.9313096858,0.9312595627,0.9312061092,0.9311140644,0.9310901922,0.9311192327
modified_pearson_2,35,1.0102092318,0.9564248103,0.9456980025,0.9379359299,0.9347658696,0.9337438649,0.9330430661,0.9326620198,0.932415474,0.9319838382,0.9319957715,0.9317903346,0.931602804,0.9316113362,0.9314498153,0.9313429692,0.9312998306,0.9312496635,0.931196215,0.931104204,0.9310803188,0.9311093746
modified_pearson_2,40,1.0102054306,0.9564163307,0.9456918167,0.9379285695,0.934758878,0.9337378378,0.9330368481,0.9326559887,0.9324095011,0.9319778464,0.9319896861,0.9317841631,0.9315966533,0.9316051823,0.9314436557,0.9313368568,0.9312937553,0.9312436113,0.9311901313,0.9310980831,0.9310741936,0.9311032307
modified_pearson_2,45,1.0102004322,0.9564157037,0.945691771,0.937927636,0.9347584638,0.9337378219,0.9330364455,0.93265591,0.9324094361,0.9319777956,0.9319896533,0.9317841522,0.9315966559,0.9316051941,0.9314436811,0.931336915,0.9312937832,0.931243653,0.9311901888,0.9310981504,0.9310742683,0.9311032862
modified_pearson_2,50,1.0101862447,0.9564059512,0.9456827752,0.9379189098,0.934749645,0.9337290275,0.9330275351,0.9326470157,0.9324006676,0.9319690319,0.9319808635,0.9317753915,0.931587901,0.9315964197,0.9314348698,0.9313280946,0.9312849678,0.931234841,0.9311813625,0.9310893319,0.9310654611,0.9310944859
modified_pearson_2,55,1.010186043,0.9564054266,0.9456800913,0.9379159508,0.9347468966,0.9337263303,0.9330247136,0.9326441212,0.932397819,0.9319661734,0.9319780004,0.9317725024,0.931584996,0.9315935043,0.9314319441,0.9313252233,0.9312821113,0.9312319816,0.9311785001,0.9310864628,0.9310625876,0.9310916157
modified_pearson_2,60,1.0101832194,0.9564036859,0.9456781576,0.9379140216,0.9347451064,0.9337245813,0.9330229634,0.9326422713,0.9323959376,0.9319643252,0.9319761762,0.9317706668,0.9315831575,0.9315916506,0.9314301138,0.9313234195,0.9312803081,0.9312301806,0.9311766992,0.9310846613,0.931060786,0.9310898183
modified_pearson_2,65,1.010183702,0.9564048877,0.9456796578,0.9379163738,0.934747235,0.9337267507,0.9330250136,0.9326442604,0.9323979346,0.931966347,0.9319782073,0.9317726717,0.931585147,0.9315936388,0.9314321191,0.9313254196,0.9312822966,0.9312321708,0.931178691,0.9310866499,0.9310627716,0.9310918027
modified_pearson_2,70,1.0101837471,0.9564042325,0.9456793167,0.9379158876,0.9347465522,0.9337261539,0.9330243478,0.9326435917,0.9323973032,0.9319657186,0.9319775746,0.9317720427,0.9315845116,0.9315929974,0.9314314708,0.9313247688,0.9312816456,0.9312315171,0.9311780368,0.9310859982,0.9310621159,0.9310911496
modified_pearson_2,75,1.0101867244,0.956406959,0.9456820946,0.9379189549,0.934749676,0.9337291948,0.9330274404,0.9326467044,0.9324003746,0.9319687874,0.931980644,0.9317751127,0.9315875802,0.9315960739,0.9314345501,0.9313278537,0.9312847277,0.9312345987,0.9311811195,0.9310890777,0.9310651954,0.9310942263
modified_pearson_2,80,1.0101831022,0.9564043358,0.9456797031,0.9379164333,0.9347472024,0.933726761,0.9330249817,0.9326442365,0.9323978484,0.9319662803,0.9319781383,0.9317726021,0.931585068,0.9315935574,0.9314320313,0.9313253289,0.9312822021,0.9312320747,0.9311785954,0.9310865534,0.9310626709,0.9310917026
modified_pearson_2,85,1.0101816174,0.9564030523,0.9456780897,0.9379145612,0.9347453681,0.9337248667,0.933023078,0.9326423076,0.9323959024,0.9319643431,0.9319762045,0.9317706698,0.9315831364,0.9315916228,0.9314300988,0.9313234053,0.9312802795,0.9312301526,0.9311766742,0.9310846316,0.9310607493,0.9310897818
modified_pearson_2,90,1.0101807086,0.9564015646,0.9456758012,0.9379122746,0.9347430646,0.9337225439,0.933020727,0.932639927,0.9323935145,0.9319619538,0.9319738142,0.9317682776,0.9315807443,0.9315892326,0.9314277094,0.9313210158,0.9312778899,0.9312277634,0.9311742856,0.931082244,0.931058362,0.9310873941
modified_pearson_2,95,1.0101809951,0.956401616,0.9456759651,0.9379124394,0.9347432104,0.9337226751,0.9330208365,0.9326400513,0.932393651,0.9319620881,0.9319739493,0.9317684159,0.931580883,0.9315893709,0.9314278471,0.931321156,0.93127803,0.9312279037,0.931174426,0.9310823847,0.9310585026,0.9310875346
modified_pearson_2,100,1.010179847,0.9564003609,0.9456745137,0.9379109965,0.934741847,0.9337213164,0.9330194354,0.9326386449,0.9323922579,0.9319606892,0.9319725491,0.9317670144,0.9315794803,0.9315879665,0.9314264425,0.9313197478,0.9312766215,0.9312264952,0.9311730175,0.9310809761,0.9310570939,0.9310861259
pearson,1,1.0372429318,0.9699229681,0.9547493617,0.9403471646,0.938030407,0.9361131262,0.9350710068,0.9333738775,0.9329077832,0.9321444784,0.931337947,0.9308184956,0.9304770806,0.9300336116,0.9298000655,0.9294175791,0.9293962479,0.929355655,0.9291555805,0.9289818049,0.9289961787,0.9289931371
pearson,3,1.0037558826,0.9570790156,0.9458830931,0.9367252798,0.9345230277,0.9327270212,0.9317649556,0.9307751558,0.9303354343,0.9298625457,0.9293750277,0.929147254,0.9288985342,0.9286162333,0.9285152012,0.928259485,0.9283283281,0.9283346589,0.928217377,0.9280800099,0.9281222801,0.9281499452
pearson,5,1.000501669,0.9561807051,0.9450096117,0.9359487269,0.9339981729,0.9324003351,0.9315548666,0.930573174,0.9301545797,0.9296915034,0.9292406693,0.9290530347,0.9288221944,0.9285798507,0.9284780298,0.9282206636,0.9282854534,0.9282812117,0.9281783261,0.928063631,0.928094343,0.928105494
pearson,10,0.9994840145,0.9555429422,0.9445733814,0.936104531,0.9339583008,0.9324155709,0.9315725594,0.9306159981,0.930227578,0.9298098991,0.9293520939,0.9291926936,0.9289560702,0.928729944,0.9286407532,0.9283919278,0.9284604375,0.9284459623,0.9283417777,0.9282302272,0.9282654223,0.9282831646
pearson,15,0.9994461212,0.9554957491,0.9444047004,0.9360376708,0.9338738641,0.9323609603,0.9315331742,0.9305793252,0.9301928684,0.9297814401,0.9293427882,0.9291846336,0.9289535609,0.9287275238,0.9286411835,0.928395427,0.928457682,0.928443385,0.9283386443,0.9282271095,0.928262574,0.9282810762
pearson,20,0.9995276865,0.9554273234,0.944401157,0.9360320959,0.9338791247,0.9323776785,0.9315366603,0.9305805317,0.9301908385,0.9297733354,0.9293388022,0.9291805617,0.9289501464,0.9287234981,0.9286372659,0.9283918612,0.9284558733,0.9284426288,0.928336083,0.9282242349,0.9282599762,0.9282794374
pearson,25,0.9995805431,0.9554636754,0.9444075245,0.9360303886,0.9339009688,0.9324057387,0.9315677625,0.9306182123,0.9302258601,0.9298101627,0.9293756283,0.9292207847,0.9289898843,0.9287637528,0.9286769504,0.9284294228,0.9284947622,0.9284819733,0.9283757345,0.9282634444,0.928299903,0.9283194198
pearson,30,0.9995612267,0.9555017463,0.9444305349,0.9360616123,0.9339293696,0.9324358408,0.9315929881,0.9306464049,0.9302550538,0.9298396781,0.9294053919,0.929252628,0.9290217037,0.9287956045,0.9287094174,0.9284622646,0.9285282255,0.9285155114,0.9284096468,0.9282976392,0.9283339111,0.9283531384
pearson,35,0.9995888349,0.9555379548,0.9444645846,0.9360985451,0.9339675404,0.9324717991,0.9316311054,0.930685066,0.9302934263,0.9298771342,0.9294433045,0.9292910083,0.9290587739,0.9288326477,0.9287462836,0.9284985451,0.9285644791,0.9285516819,0.9284453269,0.928333178,0.9283693377,0.9283882275
pearson,40,0.9995572488,0.9555456446,0.9444679483,0.9361026645,0.9339776534,0.9324826684,0.9316427707,0.9306965325,0.93030543,0.9298873201,0.9294537777,0.9293010906,0.9290691831,0.9288435823,0.9287569206,0.9285098074,0.9285753079,0.9285625705,0.9284562479,0.9283437551,0.9283796666,0.9283984285
pearson,45,0.9995398342,0.9555161432,0.944434526,0.9360871813,0.9339601478,0.932464257,0.9316252856,0.9306788967,0.9302893295,0.9298712165,0.9294376234,0.9292856242,0.9290534963,0.9288278582,0.92874134,0.9284944336,0.9285599599,0.9285470561,0.9284407062,0.9283279768,0.9283639063,0.9283826584
pearson,50,0.9995203945,0.9555022176,0.9444348238,0.9360903907,0.9339622164,0.9324665425,0.9316284261,0.9306826022,0.9302931211,0.9298748326,0.9294407011,0.929288582,0.9290562679,0.9288305537,0.9287438443,0.928496581,0.9285623383,0.9285497637,0.9284433474,0.9283305169,0.9283665025,0.9283853751
pearson,55,0.9995281007,0.9554993075,0.9444273809,0.9360770583,0.9339500225,0.9324550805,0.9316172648,0.930671023,0.9302813806,0.9298631018,0.9294291688,0.929277157,0.9290447205,0.9288192571,0.928732544,0.9284852573,0.9285510285,0.9285385902,0.9284321143,0.9283191495,0.9283551877,0.92837402
pearson,60,0.9995188536,0.9555009915,0.9444289479,0.9360801503,0.9339518261,0.9324563803,0.9316183145,0.9306718488,0.9302821358,0.9298637911,0.9294297776,0.9292779348,0.9290454893,0.9288199055,0.9287333985,0.9284860564,0.9285518185,0.9285393958,0.9284329816,0.9283200026,0.9283559914,0.9283747868
pearson,65,0.9995413569,0.9555065631,0.9444328563,0.9360841611,0.933954134,0.932459051,0.9316207984,0.9306742341,0.9302842922,0.9298658704,0.9294318602,0.929280216,0.9290477393,0.9288221296,0.9287356689,0.9284882111,0.9285539814,0.9285415984,0.9284352153,0.9283222208,0.9283581591,0.9283769531
pearson,70,0.9995383736,0.9555014445,0.9444315562,0.9360834912,0.9339537908,0.9324589753,0.9316198633,0.9306733714,0.9302832832,0.9298649258,0.9294307109,0.9292791113,0.9290465338,0.9288208729,0.9287343517,0.9284869529,0.9285527396,0.9285403127,0.9284339034,0.9283209113,0.9283568637,0.9283756413
pearson,75,0.9995382317,0.9555058873,0.9444405888,0.9360899425,0.9339591749,0.9324647491,0.9316253587,0.9306787469,0.9302886765,0.9298703032,0.9294359271,0.9292843428,0.9290518436,0.9288261796,0.9287396655,0.9284922285,0.9285580379,0.9285456364,0.9284392526,0.9283262402,0.9283621883,0.9283809481
pearson,80,0.9995452828,0.9555021324,0.9444383072,0.9360895762,0.9339580708,0.9324632001,0.9316234837,0.9306769384,0.9302869619,0.9298685392,0.9294341203,0.9292826177,0.9290500901,0.9288244016,0.9287378761,0.9284904541,0.9285562531,0.9285438871,0.9284374982,0.9283244761,0.9283604225,0.9283791797
pearson,85,0.9995420465,0.9554957129,0.944431459,0.9360846184,0.9339523644,0.9324577812,0.9316179503,0.9306712737,0.9302812443,0.9298627458,0.9294282874,0.9292767757,0.9290442944,0.9288185957,0.9287320793,0.9284846773,0.9285504705,0.9285381147,0.92843173,0.9283187076,0.9283546539,0.9283734116
pearson,90,0.9995335504,0.9554921936,0.944427658,0.936084089,0.9339515174,0.9324569044,0.9316170602,0.9306703902,0.9302804779,0.9298619485,0.9294274351,0.9292759334,0.9290434455,0.9288177286,0.928731199,0.9284837872,0.9285495771,0.9285372293,0.9284308385,0.9283178154,0.9283537611,0.9283725186
pearson,95,0.9995326116,0.95549223,0.9444287729,0.9360832257,0.9339505231,0.9324559303,0.931616088,0.9306695322,0.9302796613,0.9298611167,0.9294265599,0.9292750656,0.9290425714,0.9288168472,0.9287303173,0.9284829016,0.9285486981,0.9285363522,0.9284299602,0.9283169362,0.9283528809,0.9283716375
pearson,100,0.9995297955,0.9554917668,0.944427379,0.9360821441,0.9339496739,0.9324550796,0.9316151839,0.9306686923,0.9302787801,0.929860272,0.9294257156,0.9292742393,0.9290417363,0.9288159986,0.9287294508,0.9284820208,0.9285478188,0.9285354754,0.9284290854,0.9283160629,0.9283520096,0.9283707686
